method,params,split,P,TRIR,U,PU,D,D_text,T,GAIN,relative_gain
baseline,{},,0.8809658624247776,0.8472690913635796,0.9881703470031545,0.9929022082018928,0.0,0.0,0.0,0.0,0.0
baseline,{},test,0.9004092307172564,0.8661417322834646,,0.9929022082018928,,0.0,0.0,,
dummy,{},,0.03050962703510444,0.005512225009728673,0.32965299684542587,0.32965299684542587,1.0,1.0,,0.0,0.29896734190884977
dummy,{},test,0.042719170020387186,0.007874015748031496,,0.32965299684542587,,1.0,,,
presidio,{},,0.7642301754735076,0.6813523309586301,0.9511041009463722,0.9652996845425867,0.07456622061199195,0.07456622061199195,0.10097003154574133,0.00728434601431734,0.09499877590480554
presidio,{},test,0.802849669334696,0.7244094488188977,,0.968503937007874,,,,,
spacy,{},,0.4341961977487871,0.3524976044661084,0.5615141955835962,0.36514195583596215,0.1598746662824312,0.1598746662824312,0.11156940063091482,0.011363610020517076,0.07537241587336962
dpbart,{'epsilon': 10},,0.032735382820123164,0.007894846477523643,0.3415213946117274,0.16164817749603805,0.5848155939244837,0.5848155939244837,3.30807570977918,0.04679978939284521,0.3084513245267579
dpbart,{'epsilon': 25},,0.030634402884557616,0.005249343832020997,0.33043478260869563,0.16758893280632411,0.5812437708351095,0.5812437708351095,2.2704258675078863,0.0766792217563433,0.29961685135651206
dpbart,{'epsilon': 50},,0.03784653818633626,0.010498687664041995,0.3257097791798107,0.1632492113564669,0.5369955024768562,0.5369955024768562,2.453280757097792,0.05971546322532373,0.2866486607426604
dpbart,{'epsilon': 100},,0.03606048052714484,0.007874015748031496,0.40930599369085174,0.2531545741324921,0.32373271488264344,0.32373271488264344,3.0269716088328074,-0.012411915825870127,0.3732730137978388
dpbart,{'epsilon': 250},,0.054621222194265906,0.01837270341207349,0.37933753943217663,0.31545741324921134,0.2939933217380325,0.2939933217380325,3.413785488958991,0.06686522452432096,0.3218771715319471
dpparaphrase,{'epsilon': 10},,0.05612483822810613,0.023642877973586635,0.5291798107255521,0.5181388012618297,0.4395222797760687,0.4395222797760687,11.587358044164038,-0.11777583934972918,0.47180646368533946
dpparaphrase,{'epsilon': 25},,0.05011437843183179,0.010498687664041995,0.4313880126182965,0.5378548895899053,0.4365059696696111,0.4365059696696111,14.13653785488959,-0.14715971590264512,0.3796665533465291
dpparaphrase,{'epsilon': 50},,0.05736152687381526,0.01837270341207349,0.47397476340694006,0.5165615141955836,0.4285487168224687,0.4285487168224687,14.246971608832807,-0.136606543104826,0.4145367546472303
dpparaphrase,{'epsilon': 100},,0.06463984379559556,0.01837270341207349,0.42981072555205047,0.5473186119873817,0.41629262205671624,0.41629262205671624,14.349637223974764,-0.1762517203092827,0.3615822703864337
dpparaphrase,{'epsilon': 250},,0.08935312247947032,0.03676623755363913,0.3722397476340694,0.471608832807571,0.40547062969569714,0.40547062969569714,11.536246056782334,-0.017248430196264108,0.27526961316471565
dpprompt,{'epsilon': 10},,0.028087251368431914,0.0,0.32991318074191,0.1468034727703236,0.565233308748778,0.565233308748778,14.938036277602524,-0.38268643701526966,0.3019803221872888
dpprompt,{'epsilon': 25},,0.03667937443687458,0.005249343832020997,0.330173775671406,0.16903633491311215,0.5529949867996382,0.5529949867996382,7.255417981072556,-0.3131648676786529,0.2924909652424907
dpprompt,{'epsilon': 50},,0.12811506064638,0.07630296212973378,0.3557312252964427,0.4126482213438735,0.5009205919234432,0.5009205919234432,0.3756309148264984,0.04122434014688353,0.2145640982821165
dpprompt,{'epsilon': 100},,0.16662414415444185,0.10784068658084406,0.4321966693100714,0.40919904837430615,0.47217985565297677,0.47217985565297677,0.5326656151419558,0.05995046601673437,0.24823258592272365
dpprompt,{'epsilon': 250},,0.19599918046840878,0.13150439528392285,0.42399999999999993,0.40559999999999996,0.46984923473056406,0.46984923473056406,0.7618927444794953,-0.008131904293049108,0.2065936665388785
dpmlm_uniform,{'epsilon': 10},,0.0370270452966107,0.010519518393534141,0.32965299684542587,0.1719242902208202,0.4728745842464151,0.4728745842464151,77.84388012618297,-0.028710593131998075,0.2915693046641742
dpmlm_uniform,{'epsilon': 25},,0.13967634172470492,0.07103278756822064,0.5583596214511041,0.5520504731861199,0.25290162528773963,0.25290162528773963,87.89133280757099,0.488172127504362,0.40649479793725946
dpmlm_uniform,{'epsilon': 50},,0.48785726990771844,0.3813898262717161,0.8974763406940063,0.8730283911671924,0.16326783978224552,0.16326783978224552,79.51164037854889,0.38293612952878114,0.35444481793342153
dpmlm_uniform,{'epsilon': 100},,0.5146742882831791,0.41028204807732366,0.9463722397476341,0.9148264984227129,0.14795967334828541,0.14795967334828541,42.32592271293375,0.37092693536870563,0.37348558900733453
dpmlm_uniform,{'epsilon': 250},,0.5573764654999299,0.47085780944048655,0.9282334384858044,0.9250788643533123,0.1428598391379844,0.1428598391379844,82.91686119873818,0.34087883062114344,0.30665764335280277
dpmlm_shap,{'epsilon': 10},,0.03375217028357909,0.007894846477523643,0.32965299684542587,0.20110410094637224,0.44709996659343926,0.44709996659343926,71.55305993690851,0.08491411862200698,0.29528667346665854
dpmlm_shap,"{'epsilon': 10, 'k': 2}",,0.5776067510744497,0.36749572970045413,0.9282334384858044,0.8990536277602523,0.11303462527034222,0.11303462527034222,27.52302545658534,0.17557466260079643,0.2836938868244422
dpmlm_shap,"{'epsilon': 10, 'k': 2}",test,0.5198983912164445,0.2559055118110236,,0.9133858267716535,0.12212837811212254,,,,
dpmlm_shap,"{'epsilon': 10, 'k': 3}",,0.48360945966364205,0.2913594134066575,0.9093059936908517,0.8738170347003155,0.12628759276885715,0.12628759276885715,33.45509213370599,0.350804990809164,0.3712378517544884
dpmlm_shap,"{'epsilon': 10, 'k': 3}",test,0.39536695410015843,0.18503937007874016,,0.889763779527559,0.19103763146964947,,,,
dpmlm_shap,"{'epsilon': 10, 'k': 5}",,0.39596561005527775,0.22836728742240553,0.88801261829653,0.8501577287066246,0.14162206045742665,0.14162206045742665,39.79201430967218,0.34547313461883994,0.449175658240533
dpmlm_shap,"{'epsilon': 10, 'k': 5}",test,0.31521671100508286,0.16929133858267717,,0.8740157480314961,0.2346495996690305,,,,
dpmlm_shap,"{'epsilon': 10, 'k': 7}",,0.3435317048315098,0.18112319293421655,0.8706624605678234,0.832807570977918,0.15313530176266887,0.15313530176266887,43.668107157951866,0.4451300817553248,0.4911364543676471
dpmlm_shap,"{'epsilon': 10, 'k': 7}",test,0.2563808659899823,0.13385826771653542,,0.8661417322834645,0.2808048160356541,,,,
dpmlm_shap,"{'epsilon': 10, 'k': 10}",,0.29346225256644365,0.14437778611006957,0.8690851735015773,0.8209779179810726,0.1628166199588343,0.1628166199588343,47.244952681388014,0.451758321414277,0.5463750098783163
dpmlm_shap,"{'epsilon': 10, 'k': 10}",test,0.20697258555907708,0.10236220472440946,,0.84251968503937,0.3294853170242117,,,,
dpmlm_shap,"{'epsilon': 10, 'lambda': 0.99}",,0.6622074767811262,0.5708453110027913,0.9582018927444795,0.9384858044164038,0.08598734520681273,0.08598734520681273,8.94487683757173,0.0956568992082835,0.21798931490418694
dpmlm_shap,"{'epsilon': 10, 'lambda': 0.98}",,0.5814177412830687,0.47873182518851803,0.9471608832807571,0.8935331230283912,0.09665753271677517,0.09665753271677517,10.91924362853767,0.19641630164661258,0.29852199446705985
dpmlm_shap,"{'epsilon': 10, 'lambda': 0.95}",,0.4812744081568852,0.3787234928967213,0.7523659305993691,0.6332807570977917,0.11845069444423971,0.11845069444423971,12.221237888642342,0.1697573043416046,0.21506957540339733
dpmlm_shap,"{'epsilon': 10, 'lambda': 0.9}",,0.43275402924924494,0.3313544140315794,0.5496845425867508,0.4558359621451104,0.1322027681048736,0.1322027681048736,12.72737209398655,0.04598901781036894,0.06503817800150968
dpmlm_shap,"{'epsilon': 10, 'lambda': 0.8}",,0.4089930393476737,0.3129608798900137,0.5654574132492114,0.40930599369085174,0.13720012216443894,0.13720012216443894,13.066640378548897,0.056149491814805406,0.10797139167062048
dpmlm_shap,"{'epsilon': 10, 'rho': 0.9}",,0.6409715089289509,0.5417864433612465,0.9708201892744479,0.9526813880126183,0.08851944337883957,0.08851944337883957,9.95779401743903,0.15049667065141867,0.25486399280242655
dpmlm_shap,"{'epsilon': 10, 'rho': 0.8}",,0.5455716586850247,0.444381952255968,0.9471608832807571,0.9305993690851735,0.10969084853817612,0.10969084853817612,13.951456103727251,0.26989916498909466,0.3392115195973311
dpmlm_shap,"{'epsilon': 10, 'rho': 0.7}",,0.4044244945689524,0.2971503562054743,0.8824921135646687,0.8990536277602523,0.13416127900501906,0.13416127900501906,18.232869135123224,0.4111958215194753,0.4339872359858582
dpmlm_shap,"{'epsilon': 10, 'rho': 0.6}",,0.3105877678418864,0.20512019330916967,0.8761829652996845,0.8596214511041009,0.16250473648685762,0.16250473648685762,22.690485382333883,0.5222072011570748,0.5341182946425793
dpmlm_shap,"{'epsilon': 10, 'rho': 0.5}",,0.24910484782646228,0.15523059617547807,0.861198738170347,0.7981072555205048,0.19295619909390102,0.19295619909390102,27.263967286980563,0.5320448977760561,0.5887450419981664
dpmlm_shap,"{'epsilon': 10, 'rho': 0.4}",,0.15832574174284028,0.07630296212973378,0.7192429022082019,0.7160883280757098,0.22993550092357942,0.22993550092357942,31.94230608016519,0.5606596345764941,0.5481347904682775
dpmlm_shap,"{'epsilon': 10, 'rho': 0.3}",,0.11201685738127386,0.047369078865141856,0.5757097791798107,0.6301261829652997,0.2718392405952753,0.2718392405952753,36.69661731400009,0.5087591533439509,0.45544943109448704
dpmlm_shap,"{'epsilon': 10, 'rho': 0.2}",,0.06854124301558678,0.02105986751656043,0.3714511041009464,0.5118296529968455,0.32223589780038275,0.32223589780038275,41.518441365534215,0.4395605096791119,0.29809546265141507
dpmlm_shap,"{'epsilon': 10, 'rho': 0.1}",,0.046272220904393556,0.010519518393534141,0.37933753943217663,0.36829652996845424,0.38300585293736933,0.38300585293736933,46.408225552050475,0.2811811078458537,0.3313542712085367
dpmlm_shap,{'epsilon': 25},,0.06578783366091388,0.021039036787068283,0.41719242902208203,0.3785488958990536,0.3057446939641557,0.3057446939641557,54.87940851735016,0.422662090267178,0.3475098131458329
dpmlm_shap,"{'epsilon': 25, 'k': 2}",,0.5750815091766345,0.37534891471899345,0.9077287066246057,0.8943217665615142,0.11060713391386748,0.11060713391386748,23.11471989333497,0.19803530518670934,0.2658101342401411
dpmlm_shap,"{'epsilon': 25, 'k': 2}",test,0.538205312505378,0.27952755905511806,,0.9133858267716535,0.1298419544855812,,,,
dpmlm_shap,"{'epsilon': 25, 'k': 3}",,0.48632692907287717,0.3071491063617048,0.8935331230283912,0.8746056782334385,0.12473534847894677,0.12473534847894677,28.455320797082244,0.30526884115635183,0.35219151201533416
dpmlm_shap,"{'epsilon': 25, 'k': 3}",test,0.4268353278869962,0.2362204724409449,,0.8818897637795275,0.18996581305198054,,,,
dpmlm_shap,"{'epsilon': 25, 'k': 5}",,0.39482567002163055,0.23103362079740034,0.8761829652996845,0.8414826498422713,0.13839905388206714,0.13839905388206714,33.502927034322795,0.39432817579098994,0.4384983554682202
dpmlm_shap,"{'epsilon': 25, 'k': 5}",test,0.30282726692550105,0.15354330708661418,,0.8661417322834645,0.2772523242192095,,,,
dpmlm_shap,"{'epsilon': 25, 'k': 7}",,0.3388221803955558,0.18641419822522187,0.8588328075709779,0.8257097791798107,0.1470114184243822,0.1470114184243822,36.516520616760616,0.43083045560411803,0.4845110502608307
dpmlm_shap,"{'epsilon': 25, 'k': 7}",test,0.2714559816072528,0.14960629921259844,,0.8503937007874017,0.32336418810200895,,,,
dpmlm_shap,"{'epsilon': 25, 'k': 10}",,0.2798867780668834,0.13654543182102238,0.8493690851735016,0.8123028391167192,0.1543826969334568,0.1543826969334568,39.053496365846826,0.5027215917092912,0.5418326572146095
dpmlm_shap,"{'epsilon': 25, 'k': 10}",test,0.2179987978108437,0.1062992125984252,,0.8267716535433071,0.3721434607792478,,,,
dpmlm_shap,"{'epsilon': 25, 'lambda': 0.99}",,0.6527783520627266,0.5524309461317335,0.9621451104100947,0.944006309148265,0.08394829559871451,0.08394829559871451,8.954369454098197,0.09699533406919987,0.23268290485674992
dpmlm_shap,"{'epsilon': 25, 'lambda': 0.98}",,0.5894034668372606,0.4892721743115444,0.9416403785488959,0.9069400630914827,0.09277028856029271,0.09277028856029271,10.921239924907088,0.18216029488873633,0.28387066335253486
dpmlm_shap,"{'epsilon': 25, 'lambda': 0.95}",,0.5060201374654462,0.40244969378827644,0.8257097791798107,0.7247634069400631,0.1115633513226118,0.1115633513226118,12.237210781908246,0.17634120508447548,0.2612021259977103
dpmlm_shap,"{'epsilon': 25, 'lambda': 0.9}",,0.47130045955785665,0.3734741490647002,0.5922712933753943,0.580441640378549,0.12358292241577848,0.12358292241577848,12.751217311275635,0.09420690195166936,0.06438000845197167
dpmlm_shap,"{'epsilon': 25, 'lambda': 0.8}",,0.4508759508838944,0.36035078948464777,0.5717665615141956,0.5410094637223974,0.12792563795667342,0.12792563795667342,13.094408517350157,0.05336741948594977,0.0668140315495579
dpmlm_shap,"{'epsilon': 25, 'rho': 0.9}",,0.6568604672801457,0.5628671416072991,0.9613564668769716,0.9511041009463722,0.08815700128345459,0.08815700128345459,11.848840250531813,0.16870013855374047,0.227251138761406
dpmlm_shap,"{'epsilon': 25, 'rho': 0.8}",,0.5465049198903814,0.44442361371495226,0.942429022082019,0.9274447949526814,0.10811749359222617,0.10811749359222617,18.176178693232323,0.27796663870977084,0.33336365064278584
dpmlm_shap,"{'epsilon': 25, 'rho': 0.7}",,0.4397761049021757,0.3287297421155689,0.8785488958990536,0.8966876971608833,0.1300052656007678,0.1300052656007678,24.915822711653558,0.3632628252659031,0.38986857212240117
dpmlm_shap,"{'epsilon': 25, 'rho': 0.6}",,0.3715077911290798,0.2709036370453693,0.8777602523659306,0.8753943217665615,0.15257750332872574,0.15257750332872574,31.863522884282954,0.40938140050090005,0.46656306321411456
dpmlm_shap,"{'epsilon': 25, 'rho': 0.5}",,0.2979084821773313,0.19728783902012248,0.8564668769716088,0.8225552050473186,0.17580700800856958,0.17580700800856958,38.90265569925099,0.4655377905787425,0.5285586621122743
dpmlm_shap,"{'epsilon': 25, 'rho': 0.4}",,0.21958562787204414,0.13154605674290712,0.8186119873817035,0.7452681388012619,0.20048871850859293,0.20048871850859293,45.971547301912175,0.5088876364601083,0.5791562647144332
dpmlm_shap,"{'epsilon': 25, 'rho': 0.3}",,0.17205266156415433,0.08417697787776528,0.6593059936908517,0.6853312302839116,0.2260220264340237,0.2260220264340237,52.956707434839146,0.49663260037879314,0.4718986905632774
dpmlm_shap,"{'epsilon': 25, 'rho': 0.2}",,0.11967471301935861,0.04997292005166021,0.5891167192429022,0.5977917981072555,0.25284491841349316,0.25284491841349316,59.812478665521915,0.5062151062971932,0.4603243012732627
dpmlm_shap,"{'epsilon': 25, 'rho': 0.1}",,0.09490570546992207,0.042078073574136565,0.527602523659306,0.500788643533123,0.27932364020602374,0.27932364020602374,66.46669558359622,0.456884095675079,0.42618944317819374
dpmlm_shap,{'epsilon': 50},,0.17052142226250652,0.09465483481231513,0.6159305993690851,0.580441640378549,0.23931018883003985,0.23931018883003985,41.94092271293375,0.44636424619938736,0.42974217466245845
dpmlm_shap,"{'epsilon': 50, 'k': 2}",,0.5754363230444448,0.388618089405491,0.917192429022082,0.8935331230283912,0.10827730773516257,0.10827730773516257,23.804604604434395,0.20590438972724456,0.2749843938794495
dpmlm_shap,"{'epsilon': 50, 'k': 2}",test,0.528470084223944,0.29133858267716534,,0.889763779527559,0.16852172091086323,,,,
dpmlm_shap,"{'epsilon': 50, 'k': 3}",,0.5107426011218766,0.341373994917302,0.8974763406940063,0.8761829652996845,0.11915839941766736,0.11915839941766736,28.718491601365812,0.3099275578128064,0.32846727193502334
dpmlm_shap,"{'epsilon': 50, 'k': 3}",test,0.4246941705377367,0.24409448818897636,,0.8818897637795275,0.23579153036689357,,,,
dpmlm_shap,"{'epsilon': 50, 'k': 5}",,0.435582363114525,0.2810273715785527,0.8753943217665615,0.8564668769716088,0.13133189076269838,0.13133189076269838,34.11439853958723,0.35882753227025405,0.39143662453572364
dpmlm_shap,"{'epsilon': 50, 'k': 5}",test,0.35698735405462845,0.21259842519685038,,0.84251968503937,0.29872916082904843,,,,
dpmlm_shap,"{'epsilon': 50, 'k': 7}",,0.40278420302983853,0.2521768112319293,0.8722397476340694,0.8430599369085173,0.13793939001834732,0.13793939001834732,37.00103211348912,0.37769458001213896,0.4254740602896273
dpmlm_shap,"{'epsilon': 50, 'k': 7}",test,0.3218944871687901,0.19685039370078738,,0.84251968503937,0.3541185286705449,,,,
dpmlm_shap,"{'epsilon': 50, 'k': 10}",,0.3649090390312528,0.22330542015581387,0.8651419558359621,0.8288643533123028,0.1453906284756841,0.1453906284756841,39.967068620537525,0.40440476069168785,0.4612840703897434
dpmlm_shap,"{'epsilon': 50, 'k': 10}",test,0.3057542029706077,0.19685039370078738,,0.8267716535433071,0.40553037620412674,,,,
dpmlm_shap,"{'epsilon': 50, 'lambda': 0.99}",,0.6715108444414444,0.5813648293963255,0.9700315457413249,0.9526813880126183,0.08244809411959693,0.08244809411959693,8.708361960678015,0.10501442384528954,0.2194001659615581
dpmlm_shap,"{'epsilon': 50, 'lambda': 0.98}",,0.6159694382946034,0.5208723909511311,0.9597791798107256,0.9321766561514195,0.0893910840999817,0.0893910840999817,10.427457755424811,0.12009236053597568,0.27207110296110093
dpmlm_shap,"{'epsilon': 50, 'lambda': 0.95}",,0.5421615385669853,0.43667458234387374,0.8541009463722398,0.7917981072555205,0.10510859349360602,0.10510859349360602,11.59962688080585,0.18730270043764374,0.24890842507887767
dpmlm_shap,"{'epsilon': 50, 'lambda': 0.9}",,0.5171926289093045,0.40776152980877384,0.7697160883280757,0.6837539432176656,0.11575847450491006,0.11575847450491006,12.061435919001287,0.08208220580504233,0.1918560261059059
dpmlm_shap,"{'epsilon': 50, 'lambda': 0.8}",,0.4978083555962465,0.3946173394992292,0.7310725552050473,0.6585173501577287,0.11941538647710337,0.11941538647710337,12.37320189274448,0.102245778772233,0.17475331383624204
dpmlm_shap,"{'epsilon': 50, 'rho': 0.9}",,0.6534053605717681,0.5549514644002833,0.9518927444794952,0.9511041009463722,0.08709090948104858,0.08709090948104858,13.368752169167465,0.11431001041261164,0.22159607659932323
dpmlm_shap,"{'epsilon': 50, 'rho': 0.8}",,0.5637716064758346,0.4628796400449944,0.9550473186119873,0.9250788643533123,0.10366077548368871,0.10366077548368871,21.323667831174422,0.2379569807036567,0.32653328152404637
dpmlm_shap,"{'epsilon': 50, 'rho': 0.7}",,0.5011329384472241,0.3971170270382869,0.9148264984227129,0.9029968454258676,0.12032549379375831,0.12032549379375831,29.555398032841662,0.27704742631638557,0.35693323187726633
dpmlm_shap,"{'epsilon': 50, 'rho': 0.6}",,0.4368592432311888,0.33395825521809774,0.887223974763407,0.8793375394321766,0.13654092231571485,0.13654092231571485,37.826938777265696,0.3050818388427064,0.4019584841871876
dpmlm_shap,"{'epsilon': 50, 'rho': 0.5}",,0.3843686496894419,0.27606965795942173,0.8777602523659306,0.8430599369085173,0.1523606167277703,0.1523606167277703,46.00464472408932,0.38611513687689686,0.451964474200729
dpmlm_shap,"{'epsilon': 50, 'rho': 0.4}",,0.3296636375795511,0.22347206599175104,0.861198738170347,0.807570977917981,0.16784748664178684,0.16784748664178684,54.050656717157146,0.39872470734986315,0.49730132869540783
dpmlm_shap,"{'epsilon': 50, 'rho': 0.3}",,0.3070903629497971,0.20516185476815396,0.8343848580441641,0.7618296529968455,0.18362333241274303,0.18362333241274303,61.94564389005603,0.4147035363181278,0.4957897774245585
dpmlm_shap,"{'epsilon': 50, 'rho': 0.2}",,0.27726938431129605,0.1814981460650752,0.7665615141955836,0.7208201892744479,0.20040609751613547,0.20040609751613547,69.67783845932051,0.40771554966280915,0.4610048246806448
dpmlm_shap,"{'epsilon': 50, 'rho': 0.1}",,0.2001940355238715,0.11309003041286507,0.7121451104100947,0.6719242902208202,0.2187506303144178,0.2187506303144178,77.29978706624605,0.46323777529407684,0.49342658507235804
dpmlm_shap,{'epsilon': 100},,0.23031600040796776,0.14202391367745698,0.7815457413249212,0.6884858044164038,0.20850126274306127,0.20850126274306127,89.30107255520504,0.4933428839883553,0.5294660521760827
dpmlm_shap,"{'epsilon': 100, 'k': 2}",,0.5935741929292475,0.42275965504311963,0.9037854889589906,0.8974763406940063,0.10866810064116486,0.10866810064116486,35.525250444279635,0.18749334751545765,0.24082833742191512
dpmlm_shap,"{'epsilon': 100, 'k': 2}",test,0.5450613710429766,0.3188976377952756,,0.889763779527559,0.18452643102047964,,,,
dpmlm_shap,"{'epsilon': 100, 'k': 3}",,0.5332565617909459,0.3781610632004333,0.8769716088328076,0.8848580441640379,0.11797121254145534,0.11797121254145534,43.07799975906055,0.2509801783620553,0.2821610757182682
dpmlm_shap,"{'epsilon': 100, 'k': 3}",test,0.46843480949371585,0.2992125984251969,,0.858267716535433,0.252501295688869,,,,
dpmlm_shap,"{'epsilon': 100, 'k': 5}",,0.4622009667344138,0.32043911177769446,0.8675078864353313,0.8722397476340694,0.1288546720866337,0.1288546720866337,51.09852025578773,0.3132767963779374,0.35324052874170064
dpmlm_shap,"{'epsilon': 100, 'k': 5}",test,0.4114523149622843,0.2755905511811024,,0.8503937007874017,0.3308434801635656,,,,
dpmlm_shap,"{'epsilon': 100, 'k': 7}",,0.4204677028937727,0.2889430487855685,0.8682965299684543,0.8588328075709779,0.13508457542405894,0.13508457542405894,55.626918785788874,0.331028224631124,0.40141078247786033
dpmlm_shap,"{'epsilon': 100, 'k': 7}",test,0.39163275404865855,0.2677165354330709,,0.8267716535433071,0.36426829771568325,,,,
dpmlm_shap,"{'epsilon': 100, 'k': 10}",,0.38132250815921026,0.254822313877432,0.8651419558359621,0.8430599369085173,0.14110375616452672,0.14110375616452672,59.84026025236593,0.41225892370815115,0.44265285001216725
dpmlm_shap,"{'epsilon': 100, 'k': 10}",test,0.3565214321530524,0.2362204724409449,,0.8188976377952756,0.4021973602798688,,,,
dpmlm_shap,"{'epsilon': 100, 'lambda': 0.99}",,0.6752519808678628,0.5761154855643045,0.9755520504731862,0.9526813880126183,0.08148817102239711,0.08148817102239711,8.750797963422238,0.08013943292194003,0.22074012772479723
dpmlm_shap,"{'epsilon': 100, 'lambda': 0.98}",,0.6184719092712142,0.5076657084531101,0.9605678233438486,0.9313880126182965,0.0876025657877561,0.0876025657877561,10.471349036633086,0.1565371274292883,0.27002858829838405
dpmlm_shap,"{'epsilon': 100, 'lambda': 0.95}",,0.5495047793967759,0.42880056659584226,0.8651419558359621,0.8241324921135647,0.10161537402059753,0.10161537402059753,11.668660322352155,0.17940547920903516,0.25174616632449365
dpmlm_shap,"{'epsilon': 100, 'lambda': 0.9}",,0.531291176589614,0.42090572011831856,0.8351735015772871,0.749211356466877,0.11105324452513776,0.11105324452513776,12.147118551267484,0.07339635633431423,0.24209353573432457
dpmlm_shap,"{'epsilon': 100, 'lambda': 0.8}",,0.5146348933413313,0.40774069907928173,0.8138801261829653,0.7263406940063092,0.11439167642348949,0.11439167642348949,12.462531545741324,0.1269304054717432,0.23945209461513872
dpmlm_shap,"{'epsilon': 100, 'rho': 0.9}",,0.6600353512327942,0.5549514644002833,0.9692429022082019,0.9503154574132492,0.08581698967925382,0.08581698967925382,10.90483002976871,0.09833944180083964,0.2316281175574859
dpmlm_shap,"{'epsilon': 100, 'rho': 0.8}",,0.580873741110338,0.4813148356455443,0.944794952681388,0.9353312302839116,0.09903598022103685,0.09903598022103685,15.667813475883715,0.1679228247824859,0.2967452449358956
dpmlm_shap,"{'epsilon': 100, 'rho': 0.7}",,0.5313285244707585,0.4286755822188893,0.8966876971608833,0.9148264984227129,0.11147418651106981,0.11147418651106981,20.47612231108405,0.2565183481496048,0.3043017400544338
dpmlm_shap,"{'epsilon': 100, 'rho': 0.6}",,0.4938923965190751,0.3944923551222764,0.9124605678233438,0.8974763406940063,0.123828763982475,0.123828763982475,25.239751649433945,0.2848161753732638,0.36275784585068394
dpmlm_shap,"{'epsilon': 100, 'rho': 0.5}",,0.4625406145903992,0.35764279465066867,0.9053627760252366,0.8793375394321766,0.13550606066778254,0.13550606066778254,29.908031014828783,0.3276279225311794,0.3911630490812641
dpmlm_shap,"{'epsilon': 100, 'rho': 0.4}",,0.39104737575222065,0.28400616589592964,0.8714511041009464,0.8541009463722398,0.14734602479810593,0.14734602479810593,34.53906987147141,0.389283240743516,0.43799865682960365
dpmlm_shap,"{'epsilon': 100, 'rho': 0.3}",,0.36379577846486244,0.2550514519018456,0.8698738170347003,0.8194006309148265,0.15993924216846186,0.15993924216846186,39.120346436172234,0.3836298488234811,0.4673362598165237
dpmlm_shap,"{'epsilon': 100, 'rho': 0.2}",,0.3467737846600949,0.2445111027788193,0.8572555205047319,0.804416403785489,0.17394511735401696,0.17394511735401696,43.68943643175361,0.36819485121573203,0.47388887381316097
dpmlm_shap,"{'epsilon': 100, 'rho': 0.1}",,0.29095602826949546,0.1998291880181644,0.830441640378549,0.7602523659305994,0.1893405684619578,0.1893405684619578,48.26476340694006,0.41488761300065785,0.5101137243471932
dpmlm_shap,{'epsilon': 250},,0.3034039818508418,0.21032787568220637,0.8343848580441641,0.749211356466877,0.1898117669878604,0.1898117669878604,53.63281545741325,0.4319612823429749,0.49997425409520824
dpmlm_shap,"{'epsilon': 250, 'k': 2}",,0.5940430528605369,0.4202183060450777,0.9345425867507886,0.9100946372239748,0.10758542083791378,0.10758542083791378,26.72140562057484,0.1884785142785693,0.2714214254667596
dpmlm_shap,"{'epsilon': 250, 'k': 2}",test,0.5511029202239228,0.3228346456692913,,0.889763779527559,0.19792338623458935,,,,
dpmlm_shap,"{'epsilon': 250, 'k': 3}",,0.5204711425903411,0.3624963546223389,0.88801261829653,0.8919558359621451,0.11717026513833728,0.11717026513833728,31.920050221002917,0.24800421994812893,0.30784721653182334
dpmlm_shap,"{'epsilon': 250, 'k': 3}",test,0.48791127067768547,0.3188976377952756,,0.889763779527559,0.25853235725442913,,,,
dpmlm_shap,"{'epsilon': 250, 'k': 5}",,0.4761294717121463,0.3336249635462234,0.8730283911671924,0.8777602523659306,0.12714325412167735,0.12714325412167735,37.33203033014783,0.30381412339868746,0.34301662749295614
dpmlm_shap,"{'epsilon': 250, 'k': 5}",test,0.44072461161221066,0.2992125984251969,,0.858267716535433,0.33063825165825234,,,,
dpmlm_shap,"{'epsilon': 250, 'k': 7}",,0.4365182238123599,0.29425488480606593,0.8753943217665615,0.8698738170347003,0.13257210966117375,0.13257210966117375,40.2326172658521,0.33599855239942183,0.3903743124328925
dpmlm_shap,"{'epsilon': 250, 'k': 7}",test,0.4261358980485568,0.3031496062992126,,0.8661417322834645,0.3809675398242508,,,,
dpmlm_shap,"{'epsilon': 250, 'k': 10}",,0.40507362963398036,0.27327834020747405,0.8738170347003155,0.8659305993690851,0.1381634199163327,0.1381634199163327,42.98446802637419,0.36506455187700126,0.4244714606756078
dpmlm_shap,"{'epsilon': 250, 'k': 10}",test,0.40945036398080586,0.2874015748031496,,0.8661417322834645,0.4162430161918401,,,,
dpmlm_shap,"{'epsilon': 250, 'lambda': 0.99}",,0.6754664355408089,0.5813648293963255,0.9708201892744479,0.9589905362776026,0.08094135878684017,0.08094135878684017,8.602437749752267,0.07502590534482027,0.215708188834139
dpmlm_shap,"{'epsilon': 250, 'lambda': 0.98}",,0.6304108862460733,0.5366620839061783,0.9589905362776026,0.9463722397476341,0.08642074914666756,0.08642074914666756,10.180333764225276,0.15994839614021825,0.2548802742551608
dpmlm_shap,"{'epsilon': 250, 'lambda': 0.95}",,0.580549952459706,0.4840644919385077,0.887223974763407,0.8572555205047319,0.09944266750703476,0.09944266750703476,11.289963655322216,0.13100569920962543,0.23885260760642912
dpmlm_shap,"{'epsilon': 250, 'lambda': 0.9}",,0.5620968221940725,0.4682747989834604,0.8493690851735016,0.7878548895899053,0.10825567271807215,0.10825567271807215,11.73656405188507,0.07687364228610116,0.22149102291968703
dpmlm_shap,"{'epsilon': 250, 'lambda': 0.8}",,0.5408267140403917,0.4445485980919052,0.8359621451104101,0.7673501577287066,0.11134417340958533,0.11134417340958533,12.03307570977918,0.1159013793793986,0.23206766238071697
dpmlm_shap,"{'epsilon': 250, 'rho': 0.9}",,0.6802017072870511,0.5813023372078491,0.9321766561514195,0.9487381703470031,0.08438613289256201,0.08438613289256201,11.032911675839749,0.07172454671136845,0.1712269525057638
dpmlm_shap,"{'epsilon': 250, 'rho': 0.8}",,0.6278588983718417,0.5312669249677123,0.9605678233438486,0.9353312302839116,0.09476206723118806,0.09476206723118806,15.701376898986574,0.14839237329878655,0.2593732502188918
dpmlm_shap,"{'epsilon': 250, 'rho': 0.7}",,0.5850188208468895,0.48393950756155474,0.9305993690851735,0.917192429022082,0.10434824153075836,0.10434824153075836,20.35626859267157,0.17689198988854482,0.27767456854793304
dpmlm_shap,"{'epsilon': 250, 'rho': 0.6}",,0.5407498245592163,0.4365495979669208,0.9140378548895899,0.8998422712933754,0.11381941483787933,0.11381941483787933,24.97321115295458,0.22549785538269992,0.31116531609643183
dpmlm_shap,"{'epsilon': 250, 'rho': 0.5}",,0.49957312499792145,0.3944923551222764,0.8832807570977917,0.8817034700315457,0.1236392376057169,0.1236392376057169,29.57256470972533,0.2535980660244153,0.32678041995355345
dpmlm_shap,"{'epsilon': 250, 'rho': 0.4}",,0.4530071738376266,0.3418739324251135,0.88801261829653,0.8659305993690851,0.1339684863242817,0.1339684863242817,34.206156682038895,0.31170688134127,0.3844267658994073
dpmlm_shap,"{'epsilon': 250, 'rho': 0.3}",,0.4321219360384389,0.32345956755405575,0.8722397476340694,0.8454258675078864,0.14527040352157614,0.14527040352157614,38.84791687052078,0.29829031665572847,0.3921722783932767
dpmlm_shap,"{'epsilon': 250, 'rho': 0.2}",,0.41031751410067097,0.30504520268299795,0.863564668769716,0.8241324921135647,0.15796871184245082,0.15796871184245082,43.52361989565136,0.3018437311009829,0.4081439345040286
dpmlm_shap,"{'epsilon': 250, 'rho': 0.1}",,0.3542841226207874,0.25507228263133774,0.8580441640378549,0.7957413249211357,0.1721486363454196,0.1721486363454196,48.267657728706624,0.36189705707252856,0.4661618403765861
petre_shap,{'k': 2},,0.555904553982345,0.36482939632545935,0.9029968454258676,0.8588328075709779,0.2235251787780657,0.2235251787780657,31.350541699512355,0.11044129932055109,0.28278972916063727
petre_shap,{'k': 2},test,0.48519412670172496,0.2440944881889764,,0.8818897637795275,0.406845468691718,,,,
petre_shap,{'k': 3},,0.4825144985691992,0.31496062992125984,0.8722397476340694,0.8280757097791798,0.26003979130400795,0.26003979130400795,34.356475551225785,0.1709919285923928,0.33497078548632175
petre_shap,{'k': 3},test,0.3904803557137094,0.21653543307086615,,0.84251968503937,0.4666386541948127,,,,
petre_shap,{'k': 5},,0.39361953675843697,0.23622047244094488,0.8564668769716088,0.7862776025236593,0.3091668926443626,0.3091668926443626,36.193912125212,0.23661312321357295,0.41991534383695567
petre_shap,{'k': 5},test,0.30468851241986694,0.17716535433070865,,0.8031496062992126,0.5039020440948131,,,,
petre_shap,{'k': 7},,0.34609989811983005,0.2020997375328084,0.8493690851735016,0.7673501577287066,0.33511541119510935,0.33511541119510935,37.223085855030796,0.28904455469767903,0.46667296842632766
petre_shap,{'k': 7},test,0.2793436519294704,0.18110236220472442,,0.7874015748031497,0.5271050748432998,,,,
petre_shap,{'k': 10},,0.2876747202719047,0.14173228346456693,0.832807570977918,0.7413249211356467,0.3582849832979595,0.3582849832979595,38.11221384560842,0.3340996873864412,0.5162326491356286
petre_shap,{'k': 10},test,0.2529350074266828,0.16929133858267717,,0.7637795275590551,0.5316682099254572,,,,
risk_shap,{'rho': 0.9},,0.6792801408833663,0.5707828188143149,0.9534700315457413,0.9613564668769716,0.12349817134463448,0.12349817134463448,6.824944794952682,0.023284178051396154,0.1938213230194964
risk_shap,{'rho': 0.8},,0.6270764873643611,0.5181227346581677,0.9779179810725552,0.9511041009463722,0.18916358811283565,0.18916358811283565,6.824944794952682,0.0397239564438836,0.2778192399855869
risk_shap,{'rho': 0.7},,0.5737830551986883,0.45756780402449687,0.943217665615142,0.9274447949526814,0.246927427157153,0.246927427157153,6.824944794952682,0.11693016067566979,0.30319783927989563
risk_shap,{'rho': 0.6},,0.5340319912803735,0.43127942340540765,0.944794952681388,0.9077287066246057,0.2976003003951929,0.2976003003951929,6.824944794952682,0.1580893803621278,0.3499161472692015
risk_shap,{'rho': 0.5},,0.485251851370942,0.3839520059992501,0.9219242902208202,0.8730283911671924,0.3478173476801705,0.3478173476801705,6.824944794952682,0.23594770543135266,0.38214289730340567
risk_shap,{'rho': 0.4},,0.4132354138865593,0.30760738241053204,0.8856466876971609,0.806782334384858,0.4005367351671772,0.4005367351671772,6.824944794952682,0.27647743333162494,0.4271781433383004
risk_shap,{'rho': 0.3},,0.3624223163477433,0.2734241553139191,0.8548895899053628,0.7444794952681388,0.456537703287728,0.456537703287728,6.824944794952682,0.2577594180861564,0.45373169372159944
risk_shap,{'rho': 0.2},,0.29447730940116473,0.21032787568220637,0.7823343848580442,0.6482649842271293,0.5157017786064233,0.5157017786064233,6.824944794952682,0.3174486959691433,0.45743349516725734
risk_shap,{'rho': 0.1},,0.17481454525739862,0.11561054868141483,0.6167192429022083,0.4613564668769716,0.5764476646968849,0.5764476646968849,6.824944794952682,0.33123992858856793,0.42566705908447733
