log_file,dataset,method,total_time_s,texts_processed,avg_time_s,epsilon,k,lambda,rho
2604660_21.out,db_bio,dpmlm_uniform,24437.17,2419,10.10,250,,,
2605138_0.out,db_bio,spacy,79.07,2419,0.03,,,,
2605145_1.out,db_bio,presidio,107.88,2419,0.04,,,,
2605146_2.out,db_bio,dpprompt,10116.52,2419,4.18,10,,,
2605147_3.out,db_bio,dpprompt,9426.05,2419,3.90,25,,,
2605153_4.out,db_bio,dpprompt,1404.19,2419,0.58,50,,,
2605154_5.out,db_bio,dpprompt,1552.65,2419,0.64,100,,,
2605158_6.out,db_bio,dpprompt,1469.03,2419,0.61,250,,,
2605161_7.out,db_bio,dpparaphrase,7356.57,2419,3.04,10,,,
2605171_8.out,db_bio,dpparaphrase,7127.89,2419,2.95,25,,,
2605172_9.out,db_bio,dpparaphrase,6613.28,2419,2.73,50,,,
2605173_10.out,db_bio,dpparaphrase,7378.24,2419,3.05,100,,,
2605174_11.out,db_bio,dpparaphrase,7520.33,2419,3.11,250,,,
2605175_12.out,db_bio,dpbart,4049.84,2419,1.67,10,,,
2605176_13.out,db_bio,dpbart,3916.51,2419,1.62,25,,,
2605180_14.out,db_bio,dpbart,3655.65,2419,1.51,50,,,
2605203_15.out,db_bio,dpbart,4290.37,2419,1.77,100,,,
2605209_16.out,db_bio,dpbart,4525.09,2419,1.87,250,,,
2605251_17.out,db_bio,dpmlm_uniform,22258.94,2419,9.20,10,,,
2605254_18.out,db_bio,dpmlm_uniform,29764.90,2419,12.30,25,,,
2605260_19.out,db_bio,dpmlm_uniform,10040.97,2419,4.15,50,,,
2605264_20.out,db_bio,dpmlm_uniform,12540.84,2419,5.18,100,,,
2604658_23.out,tab,dpmlm_uniform,105138.58,1268,82.92,250,,,
2604680_0.out,tab,baroud,6.32,1268,0.00,,,095,
2604680_0.out,tab,baroud,6.32,1268,0.00,,,090,
2604680_0.out,tab,baroud,6.32,1268,0.00,,,080,
2604680_0.out,tab,baroud,6.32,1268,0.00,,,070,
2604680_0.out,tab,baroud,6.32,1268,0.00,,,050,
2604681_1.out,tab,spacy,141.47,1268,0.11,,,,
2604682_2.out,tab,presidio,128.03,1268,0.10,,,,
2604683_3.out,tab,manual,0.64,1268,0.00,,,,
2604686_4.out,tab,dpprompt,18941.43,1268,14.94,10,,,
2604687_5.out,tab,dpprompt,9199.87,1268,7.26,25,,,
2604689_6.out,tab,dpprompt,476.30,1268,0.38,50,,,
2604690_7.out,tab,dpprompt,675.42,1268,0.53,100,,,
2604695_8.out,tab,dpprompt,966.08,1268,0.76,250,,,
2604696_9.out,tab,dpparaphrase,14692.77,1268,11.59,10,,,
2604711_10.out,tab,dpparaphrase,17925.13,1268,14.14,25,,,
2604713_11.out,tab,dpparaphrase,18065.16,1268,14.25,50,,,
2604714_12.out,tab,dpparaphrase,18195.34,1268,14.35,100,,,
2604717_13.out,tab,dpparaphrase,14627.96,1268,11.54,250,,,
2604747_14.out,tab,dpbart,4194.64,1268,3.31,10,,,
2604775_15.out,tab,dpbart,2878.90,1268,2.27,25,,,
2604891_16.out,tab,dpbart,3110.76,1268,2.45,50,,,
2604892_17.out,tab,dpbart,3838.20,1268,3.03,100,,,
2604933_18.out,tab,dpbart,4328.68,1268,3.41,250,,,
2604934_19.out,tab,dpmlm_uniform,98706.04,1268,77.84,10,,,
2605039_20.out,tab,dpmlm_uniform,111446.21,1268,87.89,25,,,
2605043_21.out,tab,dpmlm_uniform,100820.76,1268,79.51,50,,,
2605056_22.out,tab,dpmlm_uniform,53669.27,1268,42.33,100,,,
2605751_21.out,db_bio,dpmlm_shap_risk,16615.91,2419,6.87,250,,,090
2605751_21.out,db_bio,dpmlm_shap_risk,16615.91,2419,6.87,250,,,080
2605751_21.out,db_bio,dpmlm_shap_risk,16615.91,2419,6.87,250,,,070
2605751_21.out,db_bio,dpmlm_shap_risk,16615.91,2419,6.87,250,,,060
2605751_21.out,db_bio,dpmlm_shap_risk,16615.91,2419,6.87,250,,,050
2605751_21.out,db_bio,dpmlm_shap_risk,16615.91,2419,6.87,250,,,040
2605751_21.out,db_bio,dpmlm_shap_risk,16615.91,2419,6.87,250,,,030
2605751_21.out,db_bio,dpmlm_shap_risk,16615.91,2419,6.87,250,,,020
2605751_21.out,db_bio,dpmlm_shap_risk,16615.91,2419,6.87,250,,,010
2605835_0.out,db_bio,risk_shap,26.49,2419,0.01,,,,090
2605835_0.out,db_bio,risk_shap,26.49,2419,0.01,,,,080
2605835_0.out,db_bio,risk_shap,26.49,2419,0.01,,,,070
2605835_0.out,db_bio,risk_shap,26.49,2419,0.01,,,,060
2605835_0.out,db_bio,risk_shap,26.49,2419,0.01,,,,050
2605835_0.out,db_bio,risk_shap,26.49,2419,0.01,,,,040
2605835_0.out,db_bio,risk_shap,26.49,2419,0.01,,,,030
2605835_0.out,db_bio,risk_shap,26.49,2419,0.01,,,,020
2605835_0.out,db_bio,risk_shap,26.49,2419,0.01,,,,010
2605840_1.out,db_bio,petre_shap,2416.23,2419,1.00,,002,,
2605840_1.out,db_bio,petre_shap,2416.23,2419,1.00,,003,,
2605840_1.out,db_bio,petre_shap,2416.23,2419,1.00,,005,,
2605840_1.out,db_bio,petre_shap,2416.23,2419,1.00,,007,,
2605840_1.out,db_bio,petre_shap,2416.23,2419,1.00,,010,,
2605848_2.out,db_bio,dpmlm_shap,5978.52,2419,2.47,10,,,
2605852_3.out,db_bio,dpmlm_shap,7865.59,2419,3.25,25,,,
2605922_4.out,db_bio,dpmlm_shap,6065.99,2419,2.51,50,,,
2606000_5.out,db_bio,dpmlm_shap,8545.90,2419,3.53,100,,,
2606001_6.out,db_bio,dpmlm_shap,23296.56,2419,9.63,250,,,
2606102_7.out,db_bio,dpmlm_shap_k,4018.50,2419,1.66,10,002,,
2606102_7.out,db_bio,dpmlm_shap_k,4018.50,2419,1.66,10,003,,
2606102_7.out,db_bio,dpmlm_shap_k,4018.50,2419,1.66,10,005,,
2606102_7.out,db_bio,dpmlm_shap_k,4018.50,2419,1.66,10,007,,
2606102_7.out,db_bio,dpmlm_shap_k,4018.50,2419,1.66,10,010,,
2606109_8.out,db_bio,dpmlm_shap_k,3939.93,2419,1.63,25,002,,
2606109_8.out,db_bio,dpmlm_shap_k,3939.93,2419,1.63,25,003,,
2606109_8.out,db_bio,dpmlm_shap_k,3939.93,2419,1.63,25,005,,
2606109_8.out,db_bio,dpmlm_shap_k,3939.93,2419,1.63,25,007,,
2606109_8.out,db_bio,dpmlm_shap_k,3939.93,2419,1.63,25,010,,
2606159_9.out,db_bio,dpmlm_shap_k,4069.04,2419,1.68,50,002,,
2606159_9.out,db_bio,dpmlm_shap_k,4069.04,2419,1.68,50,003,,
2606159_9.out,db_bio,dpmlm_shap_k,4069.04,2419,1.68,50,005,,
2606159_9.out,db_bio,dpmlm_shap_k,4069.04,2419,1.68,50,007,,
2606159_9.out,db_bio,dpmlm_shap_k,4069.04,2419,1.68,50,010,,
2606161_10.out,db_bio,dpmlm_shap_k,3603.65,2419,1.49,100,002,,
2606161_10.out,db_bio,dpmlm_shap_k,3603.65,2419,1.49,100,003,,
2606161_10.out,db_bio,dpmlm_shap_k,3603.65,2419,1.49,100,005,,
2606161_10.out,db_bio,dpmlm_shap_k,3603.65,2419,1.49,100,007,,
2606161_10.out,db_bio,dpmlm_shap_k,3603.65,2419,1.49,100,010,,
2606261_11.out,db_bio,dpmlm_shap_k,6881.67,2419,2.84,250,002,,
2606261_11.out,db_bio,dpmlm_shap_k,6881.67,2419,2.84,250,003,,
2606261_11.out,db_bio,dpmlm_shap_k,6881.67,2419,2.84,250,005,,
2606261_11.out,db_bio,dpmlm_shap_k,6881.67,2419,2.84,250,007,,
2606261_11.out,db_bio,dpmlm_shap_k,6881.67,2419,2.84,250,010,,
2606264_12.out,db_bio,dpmlm_shap_masked,16037.40,2419,6.63,10,,,
2606268_13.out,db_bio,dpmlm_shap_masked,6771.81,2419,2.80,25,,,
2606287_14.out,db_bio,dpmlm_shap_masked,17742.27,2419,7.33,50,,,
2606288_15.out,db_bio,dpmlm_shap_masked,16947.43,2419,7.01,100,,,
2606293_16.out,db_bio,dpmlm_shap_masked,19144.39,2419,7.91,250,,,
2606296_17.out,db_bio,dpmlm_shap_risk,16164.25,2419,6.68,10,,,090
2606296_17.out,db_bio,dpmlm_shap_risk,16164.25,2419,6.68,10,,,080
2606296_17.out,db_bio,dpmlm_shap_risk,16164.25,2419,6.68,10,,,070
2606296_17.out,db_bio,dpmlm_shap_risk,16164.25,2419,6.68,10,,,060
2606296_17.out,db_bio,dpmlm_shap_risk,16164.25,2419,6.68,10,,,050
2606296_17.out,db_bio,dpmlm_shap_risk,16164.25,2419,6.68,10,,,040
2606296_17.out,db_bio,dpmlm_shap_risk,16164.25,2419,6.68,10,,,030
2606296_17.out,db_bio,dpmlm_shap_risk,16164.25,2419,6.68,10,,,020
2606296_17.out,db_bio,dpmlm_shap_risk,16164.25,2419,6.68,10,,,010
2606298_18.out,db_bio,dpmlm_shap_risk,18765.48,2419,7.76,25,,,090
2606298_18.out,db_bio,dpmlm_shap_risk,18765.48,2419,7.76,25,,,080
2606298_18.out,db_bio,dpmlm_shap_risk,18765.48,2419,7.76,25,,,070
2606298_18.out,db_bio,dpmlm_shap_risk,18765.48,2419,7.76,25,,,060
2606298_18.out,db_bio,dpmlm_shap_risk,18765.48,2419,7.76,25,,,050
2606298_18.out,db_bio,dpmlm_shap_risk,18765.48,2419,7.76,25,,,040
2606298_18.out,db_bio,dpmlm_shap_risk,18765.48,2419,7.76,25,,,030
2606298_18.out,db_bio,dpmlm_shap_risk,18765.48,2419,7.76,25,,,020
2606298_18.out,db_bio,dpmlm_shap_risk,18765.48,2419,7.76,25,,,010
2606299_19.out,db_bio,dpmlm_shap_risk,19416.75,2419,8.03,50,,,090
2606299_19.out,db_bio,dpmlm_shap_risk,19416.75,2419,8.03,50,,,080
2606299_19.out,db_bio,dpmlm_shap_risk,19416.75,2419,8.03,50,,,070
2606299_19.out,db_bio,dpmlm_shap_risk,19416.75,2419,8.03,50,,,060
2606299_19.out,db_bio,dpmlm_shap_risk,19416.75,2419,8.03,50,,,050
2606299_19.out,db_bio,dpmlm_shap_risk,19416.75,2419,8.03,50,,,040
2606299_19.out,db_bio,dpmlm_shap_risk,19416.75,2419,8.03,50,,,030
2606299_19.out,db_bio,dpmlm_shap_risk,19416.75,2419,8.03,50,,,020
2606299_19.out,db_bio,dpmlm_shap_risk,19416.75,2419,8.03,50,,,010
2606313_20.out,db_bio,dpmlm_shap_risk,18742.07,2419,7.75,100,,,090
2606313_20.out,db_bio,dpmlm_shap_risk,18742.07,2419,7.75,100,,,080
2606313_20.out,db_bio,dpmlm_shap_risk,18742.07,2419,7.75,100,,,070
2606313_20.out,db_bio,dpmlm_shap_risk,18742.07,2419,7.75,100,,,060
2606313_20.out,db_bio,dpmlm_shap_risk,18742.07,2419,7.75,100,,,050
2606313_20.out,db_bio,dpmlm_shap_risk,18742.07,2419,7.75,100,,,040
2606313_20.out,db_bio,dpmlm_shap_risk,18742.07,2419,7.75,100,,,030
2606313_20.out,db_bio,dpmlm_shap_risk,18742.07,2419,7.75,100,,,020
2606313_20.out,db_bio,dpmlm_shap_risk,18742.07,2419,7.75,100,,,010
2605742_26.out,tab,dpmlm_shap_risk,52632.36,1268,41.51,250,,,090
2605742_26.out,tab,dpmlm_shap_risk,52632.36,1268,41.51,250,,,080
2605742_26.out,tab,dpmlm_shap_risk,52632.36,1268,41.51,250,,,070
2605742_26.out,tab,dpmlm_shap_risk,52632.36,1268,41.51,250,,,060
2605742_26.out,tab,dpmlm_shap_risk,52632.36,1268,41.51,250,,,050
2605742_26.out,tab,dpmlm_shap_risk,52632.36,1268,41.51,250,,,040
2605742_26.out,tab,dpmlm_shap_risk,52632.36,1268,41.51,250,,,030
2605742_26.out,tab,dpmlm_shap_risk,52632.36,1268,41.51,250,,,020
2605742_26.out,tab,dpmlm_shap_risk,52632.36,1268,41.51,250,,,010
2605743_0.out,tab,risk_shap,83.00,1268,0.07,,,,090
2605743_0.out,tab,risk_shap,83.00,1268,0.07,,,,080
2605743_0.out,tab,risk_shap,83.00,1268,0.07,,,,070
2605743_0.out,tab,risk_shap,83.00,1268,0.07,,,,060
2605743_0.out,tab,risk_shap,83.00,1268,0.07,,,,050
2605743_0.out,tab,risk_shap,83.00,1268,0.07,,,,040
2605743_0.out,tab,risk_shap,83.00,1268,0.07,,,,030
2605743_0.out,tab,risk_shap,83.00,1268,0.07,,,,020
2605743_0.out,tab,risk_shap,83.00,1268,0.07,,,,010
2605744_1.out,tab,petre_shap,41983.65,1268,33.11,,002,,
2605744_1.out,tab,petre_shap,41983.65,1268,33.11,,003,,
2605744_1.out,tab,petre_shap,41983.65,1268,33.11,,005,,
2605744_1.out,tab,petre_shap,41983.65,1268,33.11,,007,,
2605744_1.out,tab,petre_shap,41983.65,1268,33.11,,010,,
2605745_2.out,tab,dpmlm_shap,57410.63,1268,45.28,10,,,
2605746_3.out,tab,dpmlm_shap,71235.45,1268,56.18,25,,,
2605747_4.out,tab,dpmlm_shap,100166.51,1268,80.00,50,,,
2605748_5.out,tab,dpmlm_shap,54537.59,1268,43.01,100,,,
2605749_6.out,tab,dpmlm_shap,69784.34,1268,55.03,250,,,
2605750_7.out,tab,dpmlm_shap_k,51335.57,1268,40.49,10,002,,
2605750_7.out,tab,dpmlm_shap_k,51335.57,1268,40.49,10,003,,
2605750_7.out,tab,dpmlm_shap_k,51335.57,1268,40.49,10,005,,
2605750_7.out,tab,dpmlm_shap_k,51335.57,1268,40.49,10,007,,
2605750_7.out,tab,dpmlm_shap_k,51335.57,1268,40.49,10,010,,
2605758_8.out,tab,dpmlm_shap_k,42352.18,1268,33.40,25,002,,
2605758_8.out,tab,dpmlm_shap_k,42352.18,1268,33.40,25,003,,
2605758_8.out,tab,dpmlm_shap_k,42352.18,1268,33.40,25,005,,
2605758_8.out,tab,dpmlm_shap_k,42352.18,1268,33.40,25,007,,
2605758_8.out,tab,dpmlm_shap_k,42352.18,1268,33.40,25,010,,
2605765_9.out,tab,dpmlm_shap_k,42981.22,1268,33.90,50,002,,
2605765_9.out,tab,dpmlm_shap_k,42981.22,1268,33.90,50,003,,
2605765_9.out,tab,dpmlm_shap_k,42981.22,1268,33.90,50,005,,
2605765_9.out,tab,dpmlm_shap_k,42981.22,1268,33.90,50,007,,
2605765_9.out,tab,dpmlm_shap_k,42981.22,1268,33.90,50,010,,
2605772_10.out,tab,dpmlm_shap_k,67306.42,1268,53.08,100,002,,
2605772_10.out,tab,dpmlm_shap_k,67306.42,1268,53.08,100,003,,
2605772_10.out,tab,dpmlm_shap_k,67306.42,1268,53.08,100,005,,
2605772_10.out,tab,dpmlm_shap_k,67306.42,1268,53.08,100,007,,
2605772_10.out,tab,dpmlm_shap_k,67306.42,1268,53.08,100,010,,
2605776_11.out,tab,dpmlm_shap_k,46536.06,1268,36.70,250,002,,
2605776_11.out,tab,dpmlm_shap_k,46536.06,1268,36.70,250,003,,
2605776_11.out,tab,dpmlm_shap_k,46536.06,1268,36.70,250,005,,
2605776_11.out,tab,dpmlm_shap_k,46536.06,1268,36.70,250,007,,
2605776_11.out,tab,dpmlm_shap_k,46536.06,1268,36.70,250,010,,
2605778_12.out,tab,dpmlm_shap_masked,82158.25,1268,64.79,10,,,
2606910_13.out,tab,dpmlm_shap_masked,61016.06,1268,48.12,25,,,
2606920_14.out,tab,dpmlm_shap_masked,44610.06,1268,35.18,50,,,
2606975_15.out,tab,dpmlm_shap_masked,104662.73,1268,82.54,100,,,
2607059_16.out,tab,dpmlm_shap_masked,59435.38,1268,46.87,250,,,
2607196_17.out,tab,dpmlm_shap_pii,1440.30,1268,1.14,10,,095,
2607196_17.out,tab,dpmlm_shap_pii,1440.30,1268,1.14,10,,090,
2607196_17.out,tab,dpmlm_shap_pii,1440.30,1268,1.14,10,,050,
2607234_18.out,tab,dpmlm_shap_pii,1431.14,1268,1.13,25,,095,
2607234_18.out,tab,dpmlm_shap_pii,1431.14,1268,1.13,25,,090,
2607234_18.out,tab,dpmlm_shap_pii,1431.14,1268,1.13,25,,050,
2607272_19.out,tab,dpmlm_shap_pii,1432.98,1268,1.13,50,,095,
2607272_19.out,tab,dpmlm_shap_pii,1432.98,1268,1.13,50,,090,
2607272_19.out,tab,dpmlm_shap_pii,1432.98,1268,1.13,50,,050,
2607273_20.out,tab,dpmlm_shap_pii,1980.06,1268,1.56,100,,095,
2607273_20.out,tab,dpmlm_shap_pii,1980.06,1268,1.56,100,,090,
2607273_20.out,tab,dpmlm_shap_pii,1980.06,1268,1.56,100,,050,
2607286_21.out,tab,dpmlm_shap_pii,1435.37,1268,1.13,250,,095,
2607286_21.out,tab,dpmlm_shap_pii,1435.37,1268,1.13,250,,090,
2607286_21.out,tab,dpmlm_shap_pii,1435.37,1268,1.13,250,,050,
2607297_22.out,tab,dpmlm_shap_risk,50274.60,1268,39.65,10,,,090
2607297_22.out,tab,dpmlm_shap_risk,50274.60,1268,39.65,10,,,080
2607297_22.out,tab,dpmlm_shap_risk,50274.60,1268,39.65,10,,,070
2607297_22.out,tab,dpmlm_shap_risk,50274.60,1268,39.65,10,,,060
2607297_22.out,tab,dpmlm_shap_risk,50274.60,1268,39.65,10,,,050
2607297_22.out,tab,dpmlm_shap_risk,50274.60,1268,39.65,10,,,040
2607297_22.out,tab,dpmlm_shap_risk,50274.60,1268,39.65,10,,,030
2607297_22.out,tab,dpmlm_shap_risk,50274.60,1268,39.65,10,,,020
2607297_22.out,tab,dpmlm_shap_risk,50274.60,1268,39.65,10,,,010
2607307_23.out,tab,dpmlm_shap_risk,75708.74,1268,59.71,25,,,090
2607307_23.out,tab,dpmlm_shap_risk,75708.74,1268,59.71,25,,,080
2607307_23.out,tab,dpmlm_shap_risk,75708.74,1268,59.71,25,,,070
2607307_23.out,tab,dpmlm_shap_risk,75708.74,1268,59.71,25,,,060
2607307_23.out,tab,dpmlm_shap_risk,75708.74,1268,59.71,25,,,050
2607307_23.out,tab,dpmlm_shap_risk,75708.74,1268,59.71,25,,,040
2607307_23.out,tab,dpmlm_shap_risk,75708.74,1268,59.71,25,,,030
2607307_23.out,tab,dpmlm_shap_risk,75708.74,1268,59.71,25,,,020
2607307_23.out,tab,dpmlm_shap_risk,75708.74,1268,59.71,25,,,010
2607308_24.out,tab,dpmlm_shap_risk,89445.10,1268,70.54,50,,,090
2607308_24.out,tab,dpmlm_shap_risk,89445.10,1268,70.54,50,,,080
2607308_24.out,tab,dpmlm_shap_risk,89445.10,1268,70.54,50,,,070
2607308_24.out,tab,dpmlm_shap_risk,89445.10,1268,70.54,50,,,060
2607308_24.out,tab,dpmlm_shap_risk,89445.10,1268,70.54,50,,,050
2607308_24.out,tab,dpmlm_shap_risk,89445.10,1268,70.54,50,,,040
2607308_24.out,tab,dpmlm_shap_risk,89445.10,1268,70.54,50,,,030
2607308_24.out,tab,dpmlm_shap_risk,89445.10,1268,70.54,50,,,020
2607308_24.out,tab,dpmlm_shap_risk,89445.10,1268,70.54,50,,,010
2607480_25.out,tab,dpmlm_shap_risk,52628.69,1268,41.51,100,,,090
2607480_25.out,tab,dpmlm_shap_risk,52628.69,1268,41.51,100,,,080
2607480_25.out,tab,dpmlm_shap_risk,52628.69,1268,41.51,100,,,070
2607480_25.out,tab,dpmlm_shap_risk,52628.69,1268,41.51,100,,,060
2607480_25.out,tab,dpmlm_shap_risk,52628.69,1268,41.51,100,,,050
2607480_25.out,tab,dpmlm_shap_risk,52628.69,1268,41.51,100,,,040
2607480_25.out,tab,dpmlm_shap_risk,52628.69,1268,41.51,100,,,030
2607480_25.out,tab,dpmlm_shap_risk,52628.69,1268,41.51,100,,,020
2607480_25.out,tab,dpmlm_shap_risk,52628.69,1268,41.51,100,,,010
