method,params,P_exact,P_more,U_nominal,D_bertscore,D_cosine
baseline,{},0.9739999999999999,1.0,0.94,0.0,0.0
petre_shap,{'k': 2},0.4719873015873016,0.7608785998233089,0.864,0.17259319257736205,0.5837600709721446
petre_shap,{'k': 3},0.3180021367521369,0.6753572321026448,0.832,0.1988968131542206,0.668558234371245
petre_shap,{'k': 5},0.20409983700510012,0.5632290884563965,0.736,0.22020612645149232,0.7174475684762001
petre_shap,{'k': 7},0.16557553516315127,0.4998806178810926,0.676,0.23119557070732116,0.7354322208724916
petre_shap,{'k': 10},0.13476210866278837,0.41864474746171776,0.604,0.2413757710456848,0.7525502137821167
risk_shap,{'rho': 0.9},0.8321966051492368,0.9175319347319348,0.924,0.12508855557441712,0.5026713931560516
risk_shap,{'rho': 0.8},0.7429618178459857,0.8789589188589189,0.912,0.14848331236839293,0.6130339409708977
risk_shap,{'rho': 0.7},0.6822338925786381,0.8282244926641986,0.9,0.16880735564231872,0.6643236007988453
