method,params,P_exact,U_nominal,U_ordinal,D_bertscore,D_cosine,relative_gain
baseline,{},0.8509595332338742,0.9923664122137404,0.7882474272910536,0.0,0.0,0.0
petre_shap,{'k': 2},0.3016034944232169,0.25190839694656486,0.3770873447533456,0.033418263367244176,0.1292041460956846,-0.0011809646522172867
petre_shap,{'k': 3},0.19870402939318574,0.25572519083969464,0.3783091279332656,0.04497762396222069,0.17141063889932065,0.12257041097342186
petre_shap,{'k': 5},0.1335986062163885,0.24427480916030533,0.3752707030089648,0.06492937882741293,0.22549480294542654,0.19094168624741484
petre_shap,{'k': 7},0.11037860976968782,0.2633587786259542,0.3661624529930408,0.08211350134440831,0.26263233633268446,0.22383093079196822
petre_shap,{'k': 10},0.09373392540839567,0.2366412213740458,0.3644633253538984,0.10016878536769322,0.30417371759457246,0.22743190573201316
risk_shap,{'rho': 0.9},0.24513879259506346,0.23282442748091603,0.38404878677193205,0.055581990537189305,0.2880430943341482,0.05836513070142868
risk_shap,{'rho': 0.8},0.15830606171967682,0.22900763358778625,0.3812488817867222,0.08964283682051159,0.36941730263687317,0.1566901293452493
risk_shap,{'rho': 0.7},0.13265067314766968,0.24427480916030533,0.3692926798017839,0.1197145896866208,0.4180563301131839,0.1886983618839826
