method,params,P_exact,U_nominal,U_ordinal,D_bertscore,D_cosine
baseline,{},0.8509595332338742,0.9923664122137404,0.7882474272910536,0.0,0.0
dpmlm_shap,"{'k': 2, 'epsilon': 10}",0.2994784191032284,0.22519083969465647,0.370281780291537,0.027124072370075043,0.060769392195202054
dpmlm_shap,"{'k': 2, 'epsilon': 25}",0.3061530425605583,0.22519083969465647,0.386126720055176,0.02805988357180641,0.061042434828622004
dpmlm_shap,"{'k': 2, 'epsilon': 50}",0.3065564643582565,0.24427480916030533,0.3823079890505049,0.027763428120386034,0.06143346627553304
dpmlm_shap,"{'k': 2, 'epsilon': 100}",0.30098914537875576,0.2480916030534351,0.37226903789276083,0.02791119689033145,0.06011144297463553
dpmlm_shap,"{'k': 2, 'epsilon': 250}",0.3212459779515789,0.2366412213740458,0.36860663913352654,0.02942456529254005,0.0609158916700454
dpmlm_shap,"{'k': 3, 'epsilon': 10}",0.18879357535935273,0.24045801526717558,0.36878718054962273,0.03462838513510568,0.07762656016009195
dpmlm_shap,"{'k': 3, 'epsilon': 25}",0.2001582819745288,0.24045801526717558,0.3946838298563229,0.03483812718164353,0.07319492652302696
dpmlm_shap,"{'k': 3, 'epsilon': 50}",0.21469482234668452,0.2480916030534351,0.3738101236864994,0.034493678751445954,0.07158433528173537
dpmlm_shap,"{'k': 3, 'epsilon': 100}",0.22213971216768835,0.2480916030534351,0.3697896645323494,0.03514132000151134,0.07124579974583217
dpmlm_shap,"{'k': 3, 'epsilon': 250}",0.24217811072613163,0.2366412213740458,0.3725492019213112,0.03684211503891718,0.07213720662253244
dpmlm_shap,"{'k': 5, 'epsilon': 10}",0.1270132933313484,0.2480916030534351,0.3760924875571737,0.04263278643290202,0.09352973952179863
dpmlm_shap,"{'k': 5, 'epsilon': 25}",0.14462746736854848,0.24427480916030533,0.396637971906623,0.044101111548287525,0.08817980005627586
dpmlm_shap,"{'k': 5, 'epsilon': 50}",0.1719803358581232,0.25190839694656486,0.36908849857225684,0.04525481348945981,0.08552603630792527
dpmlm_shap,"{'k': 5, 'epsilon': 100}",0.18458596052130882,0.25190839694656486,0.3639387142578494,0.045912299496786935,0.08367607604889643
dpmlm_shap,"{'k': 5, 'epsilon': 250}",0.20941563233852628,0.25190839694656486,0.3593155147243891,0.048113710993812196,0.08511038564500355
dpmlm_shap,"{'k': 7, 'epsilon': 10}",0.10467111810047713,0.2480916030534351,0.38023048606201104,0.0488564666112264,0.10444160035678318
dpmlm_shap,"{'k': 7, 'epsilon': 25}",0.12676761813395282,0.2480916030534351,0.4025019155623792,0.05476820741380964,0.10405532121658326
dpmlm_shap,"{'k': 7, 'epsilon': 50}",0.16292724585786636,0.25572519083969464,0.3672229611725223,0.05457875989732288,0.09715690851211548
dpmlm_shap,"{'k': 7, 'epsilon': 100}",0.17046767513969438,0.25190839694656486,0.360513274242981,0.05462124710991269,0.09401061926569257
dpmlm_shap,"{'k': 7, 'epsilon': 250}",0.20443635194040022,0.25190839694656486,0.37193368383215886,0.05708608105069115,0.09456918523425148
dpmlm_shap,"{'k': 10, 'epsilon': 10}",0.08913207963861838,0.25190839694656486,0.37918378716378126,0.06127935330073039,0.12617061685948144
dpmlm_shap,"{'k': 10, 'epsilon': 25}",0.1158854079473146,0.2480916030534351,0.4027780667349242,0.0651104710215614,0.12129780105182103
dpmlm_shap,"{'k': 10, 'epsilon': 50}",0.16064070565025676,0.27099236641221375,0.3605864724546112,0.06488607792627243,0.110128295535133
dpmlm_shap,"{'k': 10, 'epsilon': 100}",0.17461714833152284,0.2366412213740458,0.3516574351336258,0.06534400792348953,0.10764025341896784
dpmlm_shap,"{'k': 10, 'epsilon': 250}",0.20361916719869688,0.24427480916030533,0.37257791602901796,0.06535882734117054,0.10440907762164162
dpmlm_shap,"{'rho': 0.9, 'epsilon': 10}",0.19566455626954488,0.25190839694656486,0.38900312054548764,0.048775004886445546,0.09900328511283511
dpmlm_shap,"{'rho': 0.9, 'epsilon': 25}",0.21439072287759053,0.2595419847328244,0.3841230565756037,0.04751273620696295,0.09656658013661702
dpmlm_shap,"{'rho': 0.9, 'epsilon': 50}",0.21839308205666688,0.25572519083969464,0.3775923946577742,0.044952525184268045,0.09174367530005319
dpmlm_shap,"{'rho': 0.9, 'epsilon': 100}",0.2412690421956539,0.24427480916030533,0.37875651770973917,0.04286356040409633,0.08749824830463955
dpmlm_shap,"{'rho': 0.9, 'epsilon': 250}",0.25792469065825546,0.2595419847328244,0.3774704345362099,0.040942062991006035,0.08289085217884609
dpmlm_shap,"{'rho': 0.8, 'epsilon': 10}",0.13719906071355326,0.2786259541984733,0.38446210675642717,0.07384828930809384,0.14064324322200958
dpmlm_shap,"{'rho': 0.8, 'epsilon': 25}",0.1598652057718679,0.25190839694656486,0.3997583987700349,0.07019492501304263,0.13155840635299682
dpmlm_shap,"{'rho': 0.8, 'epsilon': 50}",0.19039357369351853,0.27099236641221375,0.378498267999507,0.06318465255555653,0.11610968408130463
dpmlm_shap,"{'rho': 0.8, 'epsilon': 100}",0.20744486351479183,0.2366412213740458,0.3852948774270256,0.058236511661892844,0.10792912403742472
dpmlm_shap,"{'rho': 0.8, 'epsilon': 250}",0.23677784894569587,0.27099236641221375,0.38434515137076075,0.05469417129244123,0.09961821249553135
dpmlm_shap,"{'rho': 0.7, 'epsilon': 10}",0.1347553341506382,0.2633587786259542,0.3800549835400932,0.09645869073413667,0.1780464309737796
dpmlm_shap,"{'rho': 0.7, 'epsilon': 25}",0.15337510573669513,0.27099236641221375,0.38228244708683806,0.08999656620479765,0.16083364077976772
dpmlm_shap,"{'rho': 0.7, 'epsilon': 50}",0.18053615413707447,0.2862595419847328,0.36784710068858817,0.07901028667177473,0.1367014321826753
dpmlm_shap,"{'rho': 0.7, 'epsilon': 100}",0.20339795221973703,0.22900763358778625,0.37095089135392567,0.07188685928072248,0.12358221065430414
dpmlm_shap,"{'rho': 0.7, 'epsilon': 250}",0.23181775329977267,0.2633587786259542,0.37980554603542865,0.06717266570954096,0.11289285512197586
