method,params,P_exact,P_more,U_nominal,U_ordinal,D_bertscore,D_cosine,relative_gain
baseline,{},0.9746666666666668,0.9893333333333334,0.884,0.49070941454516637,0.0,0.0,0.0
dpmlm_shap,"{'k': 2, 'epsilon': 10}",0.8290301587301587,0.9247190476190478,0.496,0.3057607834131135,0.21347531151771545,0.4575608110427856,-0.30972565435014765
dpmlm_shap,"{'k': 2, 'epsilon': 25}",0.8471699705523235,0.9395833333333332,0.644,0.3402204674166172,0.1825822207927704,0.29899648201465606,-0.19380418302834435
dpmlm_shap,"{'k': 2, 'epsilon': 50}",0.8498858585858586,0.9554666666666667,0.7,0.40738060108486684,0.1623617525100708,0.23650980484485626,-0.1136843152243836
dpmlm_shap,"{'k': 2, 'epsilon': 100}",0.8535207792207792,0.9370857142857144,0.756,0.443032959896758,0.15259327387809754,0.2033952761888504,-0.03950580169648299
dpmlm_shap,"{'k': 2, 'epsilon': 250}",0.863281954887218,0.9482380952380953,0.792,0.44129781143694946,0.14420952248573304,0.17900238060951232,-0.02522909252865102
dpmlm_shap,"{'k': 3, 'epsilon': 10}",0.8327660391288298,0.9075973544973546,0.428,0.2946475531344816,0.23122694754600526,0.5037243458032608,-0.3604591242948728
dpmlm_shap,"{'k': 3, 'epsilon': 25}",0.8431487080938517,0.9210626984126984,0.608,0.331327913196486,0.19514112615585327,0.3223704507350922,-0.21498267023829587
dpmlm_shap,"{'k': 3, 'epsilon': 50}",0.8469187136791154,0.9409481481481482,0.68,0.39724445544588116,0.17276943159103395,0.25160522508621214,-0.12670305761615996
dpmlm_shap,"{'k': 3, 'epsilon': 100}",0.8488268940071193,0.9178767396286579,0.74,0.43595802261944705,0.16118810725212096,0.21388385879993438,-0.044120622669458154
dpmlm_shap,"{'k': 3, 'epsilon': 250}",0.8606072480151428,0.9255925925925926,0.788,0.43485486687393393,0.1532135899066925,0.18739751398563384,-0.019933402996194727
dpmlm_shap,"{'k': 5, 'epsilon': 10}",0.8427118266746174,0.8883970767794298,0.38,0.2788534020786948,0.24347320318222046,0.5370532662272454,-0.4021526154233616
dpmlm_shap,"{'k': 5, 'epsilon': 25}",0.8473697164972132,0.8978152236652238,0.604,0.324111169792712,0.20393958115577698,0.3366331353187561,-0.21345441600630732
dpmlm_shap,"{'k': 5, 'epsilon': 50}",0.8459853803457821,0.9199308321308323,0.684,0.3950255500819039,0.18013779377937317,0.25940862894058225,-0.11423094054794358
dpmlm_shap,"{'k': 5, 'epsilon': 100}",0.8583977767475672,0.9052729473425127,0.74,0.43160236485162584,0.16750490379333496,0.21991376292705536,-0.045744792074945084
dpmlm_shap,"{'k': 5, 'epsilon': 250}",0.8750600618679566,0.9034910052910053,0.78,0.42970156850694446,0.15912716245651246,0.1928327397108078,-0.025606972737004186
dpmlm_shap,"{'k': 7, 'epsilon': 10}",0.8393229377857285,0.8871097566116748,0.38,0.2787845424700537,0.2461933696269989,0.5434130837321282,-0.3998217438830962
dpmlm_shap,"{'k': 7, 'epsilon': 25}",0.8475168471443437,0.8926482395382397,0.588,0.3222718172950257,0.20652226376533508,0.34087762784957887,-0.22387529946037987
dpmlm_shap,"{'k': 7, 'epsilon': 50}",0.8468275159879177,0.914792966075319,0.68,0.3942090669095221,0.1816765983104706,0.2628903155326843,-0.11554734239664544
dpmlm_shap,"{'k': 7, 'epsilon': 100}",0.8555204597992827,0.8934183515507075,0.74,0.43279076319281307,0.16901301074028016,0.221829248547554,-0.037379345778847384
dpmlm_shap,"{'k': 7, 'epsilon': 250}",0.8736933952012899,0.9012089264379588,0.78,0.43144703359449255,0.1605284252166748,0.19401806604862212,-0.022479461849986615
dpmlm_shap,"{'k': 10, 'epsilon': 10}",0.8398646329326869,0.8822903664355103,0.36,0.274998411787176,0.2494221134185791,0.5526721074581146,-0.4149463522129121
dpmlm_shap,"{'k': 10, 'epsilon': 25}",0.8451848846623813,0.8878066938290468,0.58,0.3200575985494857,0.20852394199371338,0.34462173748016356,-0.22765289334318595
dpmlm_shap,"{'k': 10, 'epsilon': 50}",0.8447444513514049,0.9049217063006111,0.68,0.39656520413934426,0.18366096448898314,0.2647703490257263,-0.10774670261370389
dpmlm_shap,"{'k': 10, 'epsilon': 100}",0.856168628297451,0.8897489620299125,0.724,0.43360710274600783,0.17243642163276673,0.22866326785087585,-0.04688604220522441
dpmlm_shap,"{'k': 10, 'epsilon': 250}",0.8785956445858922,0.9000798941798942,0.764,0.4322724587393889,0.16302925515174865,0.19821161198616027,-0.035439039069224965
dpmlm_shap,"{'rho': 0.9, 'epsilon': 10}",0.8931998889998889,0.9348979490958215,0.792,0.5095011817890627,0.08586376810073852,0.14067609620094298,0.015943014674737466
dpmlm_shap,"{'rho': 0.9, 'epsilon': 25}",0.8920161426484987,0.9478774327122153,0.78,0.5022440554399874,0.08560159254074097,0.14088488554954529,-0.004071104737978448
dpmlm_shap,"{'rho': 0.9, 'epsilon': 50}",0.8995850207140529,0.9408009768009769,0.8,0.5038095196237924,0.08450557255744934,0.13726438212394715,0.01136546037404762
dpmlm_shap,"{'rho': 0.9, 'epsilon': 100}",0.9034196915987238,0.9441744024091849,0.804,0.5107435811291525,0.08304678750038147,0.13508039331436159,0.015649075774250232
dpmlm_shap,"{'rho': 0.9, 'epsilon': 250}",0.9003855320545644,0.9433788838037123,0.808,0.48819566179017304,0.08046803236007691,0.12834033226966857,0.004106766467011247
dpmlm_shap,"{'rho': 0.8, 'epsilon': 10}",0.8765176681427218,0.9136985546199832,0.724,0.4978355726989578,0.10527874422073365,0.17697979450225831,-0.02271986564464301
dpmlm_shap,"{'rho': 0.8, 'epsilon': 25}",0.877308981934566,0.907531609907569,0.736,0.48603969548946135,0.10325120902061462,0.17429211735725403,-0.019834298372732873
dpmlm_shap,"{'rho': 0.8, 'epsilon': 50}",0.8754912108247463,0.9197678481919084,0.76,0.504726875067804,0.09905849814414978,0.1631356122493744,0.0059127669430518726
dpmlm_shap,"{'rho': 0.8, 'epsilon': 100}",0.8925902822780105,0.926896082039136,0.784,0.49345656731688337,0.0948578429222107,0.15400945806503297,0.0028369867221775813
dpmlm_shap,"{'rho': 0.8, 'epsilon': 250}",0.888364377841838,0.926976847405629,0.804,0.4858404335443342,0.08975618743896484,0.14114821481704712,0.013955898274319645
dpmlm_shap,"{'rho': 0.7, 'epsilon': 10}",0.8646025682328852,0.8882755484435289,0.676,0.4722066129136519,0.12129014778137207,0.20773607635498048,-0.05726826341193092
dpmlm_shap,"{'rho': 0.7, 'epsilon': 25}",0.8525291682684747,0.8870882266057579,0.672,0.4762524709426936,0.11697808480262756,0.19903643369674684,-0.05048301005700695
dpmlm_shap,"{'rho': 0.7, 'epsilon': 50}",0.8707500164552796,0.905659019971625,0.712,0.48703140378699916,0.10965091180801391,0.18027014136314393,-0.032278085851695004
dpmlm_shap,"{'rho': 0.7, 'epsilon': 100}",0.885857536674185,0.9136492884892884,0.764,0.4948528563072136,0.10346711850166321,0.16611305809020996,-0.0005229634377034165
dpmlm_shap,"{'rho': 0.7, 'epsilon': 250}",0.8907881731932268,0.9193180659983292,0.804,0.4916773377515335,0.09685001301765442,0.14812665271759035,0.02086728834182039
dpmlm_shap,"{'lambda': 0.9, 'epsilon': 10}",0.8787103195504037,0.9293589273869762,0.576,0.5010908763574442,0.081665132522583,0.16148237252235412,-0.13710112190587387
dpmlm_shap,"{'lambda': 0.9, 'epsilon': 25}",0.8813466785026153,0.9300773809523808,0.62,0.493345885665972,0.0788458366394043,0.15321013832092284,-0.11243642191818048
dpmlm_shap,"{'lambda': 0.9, 'epsilon': 50}",0.8935259100237823,0.9309019748623766,0.652,0.5034638195870529,0.07651540517807007,0.1398736653327942,-0.0884198148122669
dpmlm_shap,"{'lambda': 0.9, 'epsilon': 100}",0.9069054212813804,0.936201840169894,0.688,0.4789621994178906,0.07504932689666748,0.13408793568611144,-0.08956647329899436
dpmlm_shap,"{'lambda': 0.9, 'epsilon': 250}",0.9082240848245456,0.9439825949116272,0.736,0.48805549727776326,0.07369152665138244,0.13000907254219055,-0.05266840290267505
dpmlm_shap,"{'lambda': 0.5, 'epsilon': 10}",0.8713491810270529,0.9241817923077135,0.472,0.4835750532447242,0.08714312791824341,0.18053377366065979,-0.2191108969900406
dpmlm_shap,"{'lambda': 0.5, 'epsilon': 25}",0.8768607456553108,0.9241073285593027,0.552,0.4857892899274609,0.08340845704078674,0.16831421446800232,-0.16207446731819952
dpmlm_shap,"{'lambda': 0.5, 'epsilon': 50}",0.8796860293162546,0.9193842802192649,0.588,0.49381233564083993,0.08052954626083374,0.1533860824108124,-0.12908466381615358
dpmlm_shap,"{'lambda': 0.5, 'epsilon': 100}",0.8950167989015815,0.9249338915053201,0.64,0.47485003821200605,0.07876826333999634,0.14536053705215454,-0.11568372334768717
dpmlm_shap,"{'lambda': 0.5, 'epsilon': 250}",0.8944176775461871,0.9298612314428953,0.704,0.4830884225262029,0.07710670995712281,0.13956208848953247,-0.06533938860714417
