method,params,P_exact,P_more,P_full,U_nominal_raw,U_ordinal_raw,SD_nominal_raw,SD_ordinal_raw,D_bertscore,D_cosine,D_pp,divergence__count,privacy__exact_count,privacy__full_count,privacy__more_count,privacy_exact_accuracy,privacy_full_accuracy,privacy_more_accuracy,supervised_divergence__country_count,supervised_divergence__utility_nominal_raw_count,supervised_divergence__utility_nominal_score_count,supervised_divergence__utility_ordinal_raw_count,supervised_divergence__utility_ordinal_score_count,supervised_divergence__utility_score_count,supervised_divergence__year_count,supervised_divergence_country_acc,supervised_divergence_country_baseline_acc,supervised_divergence_country_dummy_acc,supervised_divergence_country_dummy_strategy,supervised_divergence_country_f1,supervised_divergence_country_macro_f1,supervised_divergence_country_racc,supervised_divergence_country_score,supervised_divergence_utility_dummy_strategy,supervised_divergence_utility_nominal_baseline_acc,supervised_divergence_utility_nominal_dummy_acc,supervised_divergence_utility_nominal_weighted_score,supervised_divergence_utility_ordinal_baseline_mae,supervised_divergence_utility_ordinal_dummy_mae,supervised_divergence_utility_ordinal_weighted_score,supervised_divergence_utility_total_score,supervised_divergence_utility_weighted_score,supervised_divergence_year_acc,supervised_divergence_year_baseline_acc,supervised_divergence_year_baseline_mae,supervised_divergence_year_dummy_mae,supervised_divergence_year_dummy_strategy,supervised_divergence_year_macro_mae,supervised_divergence_year_mae,supervised_divergence_year_rmae,supervised_divergence_year_score,utility__country_count,utility__utility_nominal_raw_count,utility__utility_nominal_score_count,utility__utility_ordinal_raw_count,utility__utility_ordinal_score_count,utility__utility_score_count,utility__year_count,utility_country_acc,utility_country_baseline_acc,utility_country_dummy_acc,utility_country_dummy_strategy,utility_country_f1,utility_country_macro_f1,utility_country_racc,utility_country_score,utility_utility_dummy_strategy,utility_utility_nominal_baseline_acc,utility_utility_nominal_dummy_acc,utility_utility_nominal_weighted_score,utility_utility_ordinal_baseline_mae,utility_utility_ordinal_dummy_mae,utility_utility_ordinal_weighted_score,utility_utility_total_score,utility_utility_weighted_score,utility_year_acc,utility_year_baseline_acc,utility_year_baseline_mae,utility_year_dummy_mae,utility_year_dummy_strategy,utility_year_macro_mae,utility_year_mae,utility_year_rmae,utility_year_score
baseline,{},0.895139275971541,0.9056791854629719,0.8420791258398201,0.9881703470031545,1.641167192429022,0.9929022082018928,1.75,0.0,0.0,,,127,126,127,0.8503937007874016,0.8095238095238095,0.8818897637795275,1268,1268,,1268,,,1268,0.9929022082018928,0.9929022082018928,,,0.9867838612143381,0.9867838612143381,,,,0.9929022082018928,,,1.75,,,,,0.2476340694006309,0.2476340694006309,1.75,,,1.7919841745038778,1.75,,,1268,1268,,1268,,,1268,0.9881703470031545,0.9881703470031545,,,0.975727046579007,0.975727046579007,,,,0.9881703470031545,,,1.641167192429022,,,,,0.26419558359621453,0.26419558359621453,1.641167192429022,,,1.6918436061994298,1.641167192429022,,
dpmlm_shap,"{'rho': 0.9, 'epsilon': 10}",0.7269839991469417,0.675708726792396,0.5202218008475151,0.9589905362776026,1.8146687697160884,0.9526813880126183,1.9100946372239747,0.07198392992328018,0.10505494230929233,0.0712487787625173,1268.0,127,126,127,0.6299212598425197,0.42063492063492064,0.5748031496062992,1268,1268,1268.0,1268,1268.0,2536.0,1268,0.9526813880126183,0.9929022082018928,0.32965299684542587,mode,0.8975438665613202,0.8975438665613202,0.9393579072532696,0.9393579072532696,"median,mode",0.9929022082018928,0.32965299684542587,0.9393579072532696,1.75,2.2996845425867507,0.2912482065997129,0.6153030569264912,0.6153030569264912,0.2058359621451104,0.2476340694006309,1.75,2.2996845425867507,median,1.9069520082411968,1.9100946372239747,0.2912482065997129,0.2912482065997129,1268,1268,1268.0,1268,1268.0,2536.0,1268,0.9589905362776026,0.9881703470031545,0.32965299684542587,mode,0.9068641078537839,0.9068641078537839,0.9556886227544913,0.9556886227544913,"median,mode",0.9881703470031545,0.32965299684542587,0.9556886227544913,1.641167192429022,2.2996845425867507,0.26347305389221565,0.6095808383233534,0.6095808383233534,0.2610410094637224,0.26419558359621453,1.641167192429022,2.2996845425867507,median,1.864384033424816,1.8146687697160884,0.26347305389221565,0.26347305389221565
dpmlm_shap,"{'rho': 0.9, 'epsilon': 25}",0.7379660783940281,0.6846855835161834,0.5479297399302256,0.944794952681388,1.7634069400630914,0.9511041009463722,1.915615141955836,0.07167391836267165,0.10464006982015134,0.07109117915712225,1268.0,127,126,127,0.6535433070866141,0.4523809523809524,0.5826771653543307,1268,1268,1268.0,1268,1268.0,2536.0,1268,0.9511041009463722,0.9929022082018928,0.32965299684542587,mode,0.8907937984489639,0.8907937984489639,0.9369797859690842,0.9369797859690842,"median,mode",0.9929022082018928,0.32965299684542587,0.936979785969084,1.75,2.2996845425867507,0.3012912482065999,0.619135517087842,0.619135517087842,0.19873817034700317,0.2476340694006309,1.75,2.2996845425867507,median,1.91225906025853,1.915615141955836,0.3012912482065999,0.3012912482065999,1268,1268,1268.0,1268,1268.0,2536.0,1268,0.944794952681388,0.9881703470031545,0.32965299684542587,mode,0.8660201058458333,0.8660201058458333,0.9341317365269461,0.9341317365269461,"median,mode",0.9881703470031545,0.32965299684542587,0.9341317365269461,1.641167192429022,2.2996845425867507,0.18562874251496994,0.559880239520958,0.559880239520958,0.26419558359621453,0.26419558359621453,1.641167192429022,2.2996845425867507,median,1.7954443461225074,1.7634069400630914,0.18562874251496994,0.18562874251496994
dpmlm_shap,"{'rho': 0.9, 'epsilon': 50}",0.7304568411026374,0.6870723306188404,0.5426869099938266,0.9739747634069401,1.8690851735015772,0.9511041009463722,1.9305993690851735,0.07103482184914009,0.1031469787802982,0.07008497157523146,1268.0,127,126,127,0.6299212598425197,0.4365079365079365,0.5984251968503937,1268,1268,1268.0,1268,1268.0,2536.0,1268,0.9511041009463722,0.9929022082018928,0.32965299684542587,mode,0.8947684438105256,0.8947684438105256,0.9369797859690842,0.9369797859690842,"median,mode",0.9929022082018928,0.32965299684542587,0.936979785969084,1.75,2.2996845425867507,0.32855093256814927,0.6327653592686167,0.6327653592686167,0.19479495268138802,0.2476340694006309,1.75,2.2996845425867507,median,1.9258691706271718,1.9305993690851735,0.32855093256814927,0.32855093256814927,1268,1268,1268.0,1268,1268.0,2536.0,1268,0.9739747634069401,0.9881703470031545,0.32965299684542587,mode,0.944524409368349,0.944524409368349,0.9784431137724552,0.9784431137724552,"median,mode",0.9881703470031545,0.32965299684542587,0.9784431137724552,1.641167192429022,2.2996845425867507,0.34610778443113766,0.6622754491017965,0.6622754491017965,0.2421135646687697,0.26419558359621453,1.641167192429022,2.2996845425867507,median,1.9180273416390712,1.8690851735015772,0.34610778443113766,0.34610778443113766
dpmlm_shap,"{'rho': 0.9, 'epsilon': 100}",0.7229082138247218,0.7098287448446619,0.5473690950289991,0.9605678233438486,1.725552050473186,0.9503154574132492,1.9219242902208202,0.07009945043630028,0.10153454109697312,0.06812178109848717,1268.0,127,126,127,0.6220472440944882,0.4365079365079365,0.6062992125984252,1268,1268,1268.0,1268,1268.0,2536.0,1268,0.9503154574132492,0.9929022082018928,0.32965299684542587,mode,0.8901308523452709,0.8901308523452709,0.9357907253269914,0.9357907253269914,"median,mode",0.9929022082018928,0.32965299684542587,0.9357907253269913,1.75,2.2996845425867507,0.31276901004304175,0.6242798676850165,0.6242798676850165,0.20110410094637224,0.2476340694006309,1.75,2.2996845425867507,median,1.9186165685618037,1.9219242902208202,0.31276901004304175,0.31276901004304175,1268,1268,1268.0,1268,1268.0,2536.0,1268,0.9605678233438486,0.9881703470031545,0.32965299684542587,mode,0.909982888898257,0.909982888898257,0.9580838323353296,0.9580838323353296,"median,mode",0.9881703470031545,0.32965299684542587,0.9580838323353296,1.641167192429022,2.2996845425867507,0.1281437125748502,0.5431137724550898,0.5431137724550898,0.2689274447949527,0.26419558359621453,1.641167192429022,2.2996845425867507,median,1.7656692479035243,1.725552050473186,0.1281437125748502,0.1281437125748502
dpmlm_shap,"{'rho': 0.9, 'epsilon': 250}",0.7416935327276055,0.7234023703920318,0.5755092187415158,0.9621451104100947,1.8541009463722398,0.9487381703470031,1.9337539432176656,0.0691890947356209,0.09958314782813521,0.06469289972417003,1268.0,127,126,127,0.6535433070866141,0.47619047619047616,0.6141732283464567,1268,1268,1268.0,1268,1268.0,2536.0,1268,0.9487381703470031,0.9929022082018928,0.32965299684542587,mode,0.8896765988536165,0.8896765988536165,0.9334126040428059,0.9334126040428059,"median,mode",0.9929022082018928,0.32965299684542587,0.9334126040428059,1.75,2.2996845425867507,0.33428981348637016,0.6338512087645881,0.6338512087645881,0.20268138801261829,0.2476340694006309,1.75,2.2996845425867507,median,1.929242926174279,1.9337539432176656,0.33428981348637016,0.33428981348637016,1268,1268,1268.0,1268,1268.0,2536.0,1268,0.9621451104100947,0.9881703470031545,0.32965299684542587,mode,0.9188431081322711,0.9188431081322711,0.960479041916168,0.960479041916168,"median,mode",0.9881703470031545,0.32965299684542587,0.960479041916168,1.641167192429022,2.2996845425867507,0.3233532934131737,0.6419161676646707,0.6419161676646707,0.24132492113564669,0.26419558359621453,1.641167192429022,2.2996845425867507,median,1.9051872995875554,1.8541009463722398,0.3233532934131737,0.3233532934131737
dpmlm_shap,"{'rho': 0.8, 'epsilon': 10}",0.6164468817646553,0.6067818522808247,0.41348624200959405,0.944006309148265,1.7145110410094637,0.9305993690851735,1.864353312302839,0.0872607173321751,0.13212095306780813,0.16021571622214653,1268.0,127,126,127,0.5039370078740157,0.30952380952380953,0.5196850393700787,1268,1268,1268.0,1268,1268.0,2536.0,1268,0.9305993690851735,0.9929022082018928,0.32965299684542587,mode,0.856093245350359,0.856093245350359,0.9060642092746729,0.9060642092746729,"median,mode",0.9929022082018928,0.32965299684542587,0.9060642092746729,1.75,2.2996845425867507,0.20803443328550925,0.5570493212800911,0.5570493212800911,0.20662460567823343,0.2476340694006309,1.75,2.2996845425867507,median,1.8645523946629343,1.864353312302839,0.20803443328550927,0.20803443328550927,1268,1268,1268.0,1268,1268.0,2536.0,1268,0.944006309148265,0.9881703470031545,0.32965299684542587,mode,0.866570749223134,0.866570749223134,0.9329341317365271,0.9329341317365271,"median,mode",0.9881703470031545,0.32965299684542587,0.9329341317365272,1.641167192429022,2.2996845425867507,0.11137724550898204,0.5221556886227546,0.5221556886227546,0.2705047318611987,0.26419558359621453,1.641167192429022,2.2996845425867507,median,1.7396090022476938,1.7145110410094637,0.11137724550898204,0.11137724550898204
dpmlm_shap,"{'rho': 0.8, 'epsilon': 25}",0.620323997209142,0.595333537755364,0.42385722470663834,0.9463722397476341,1.8580441640378549,0.9274447949526814,1.8793375394321767,0.08598675552978877,0.130248195459414,0.15947529446829437,1268.0,127,126,127,0.5118110236220472,0.3253968253968254,0.49606299212598426,1268,1268,1268.0,1268,1268.0,2536.0,1268,0.9274447949526814,0.9929022082018928,0.32965299684542587,mode,0.8478159382439715,0.8478159382439715,0.901307966706302,0.901307966706302,"median,mode",0.9929022082018928,0.32965299684542587,0.9013079667063021,1.75,2.2996845425867507,0.23529411764705901,0.5683010421766805,0.5683010421766805,0.1995268138801262,0.2476340694006309,1.75,2.2996845425867507,median,1.879033054899599,1.8793375394321767,0.23529411764705901,0.23529411764705901,1268,1268,1268.0,1268,1268.0,2536.0,1268,0.9463722397476341,0.9881703470031545,0.32965299684542587,mode,0.8705325190789335,0.8705325190789335,0.9365269461077845,0.9365269461077845,"median,mode",0.9881703470031545,0.32965299684542587,0.9365269461077845,1.641167192429022,2.2996845425867507,0.3293413173652695,0.632934131736527,0.632934131736527,0.26419558359621453,0.26419558359621453,1.641167192429022,2.2996845425867507,median,1.905091466322309,1.8580441640378549,0.3293413173652695,0.3293413173652695
dpmlm_shap,"{'rho': 0.8, 'epsilon': 50}",0.6422086133926768,0.5978429150913818,0.4512632909434451,0.9463722397476341,1.8722397476340693,0.9250788643533123,1.915615141955836,0.08325636203544749,0.12406518072924028,0.1544392917581038,1268.0,127,126,127,0.5354330708661418,0.35714285714285715,0.49606299212598426,1268,1268,1268.0,1268,1268.0,2536.0,1268,0.9250788643533123,0.9929022082018928,0.32965299684542587,mode,0.8430692754433835,0.8430692754433835,0.8977407847800237,0.8977407847800237,"median,mode",0.9929022082018928,0.32965299684542587,0.8977407847800237,1.75,2.2996845425867507,0.3012912482065999,0.5995160164933118,0.5995160164933118,0.19873817034700317,0.2476340694006309,1.75,2.2996845425867507,median,1.911584675562648,1.915615141955836,0.3012912482065999,0.3012912482065999,1268,1268,1268.0,1268,1268.0,2536.0,1268,0.9463722397476341,0.9881703470031545,0.32965299684542587,mode,0.8739854009278702,0.8739854009278702,0.9365269461077845,0.9365269461077845,"median,mode",0.9881703470031545,0.32965299684542587,0.9365269461077845,1.641167192429022,2.2996845425867507,0.35089820359281426,0.6437125748502994,0.6437125748502994,0.25236593059936907,0.26419558359621453,1.641167192429022,2.2996845425867507,median,1.9043968570488212,1.8722397476340693,0.35089820359281426,0.35089820359281426
dpmlm_shap,"{'rho': 0.8, 'epsilon': 100}",0.6366705446523718,0.6285090864463139,0.47744159223232824,0.9495268138801262,1.8288643533123028,0.9353312302839116,1.9266561514195584,0.08024330954258374,0.1178286235650255,0.14639345686536281,1268.0,127,126,127,0.5275590551181102,0.38095238095238093,0.5354330708661418,1268,1268,1268.0,1268,1268.0,2536.0,1268,0.9353312302839116,0.9929022082018928,0.32965299684542587,mode,0.8620064890637549,0.8620064890637549,0.9131985731272294,0.9131985731272294,"median,mode",0.9929022082018928,0.32965299684542587,0.9131985731272293,1.75,2.2996845425867507,0.3213773314203731,0.6172879522738013,0.6172879522738013,0.1971608832807571,0.2476340694006309,1.75,2.2996845425867507,median,1.9208822463713915,1.9266561514195584,0.3213773314203731,0.3213773314203731,1268,1268,1268.0,1268,1268.0,2536.0,1268,0.9495268138801262,0.9881703470031545,0.32965299684542587,mode,0.8845766257067068,0.8845766257067068,0.9413173652694611,0.9413173652694611,"median,mode",0.9881703470031545,0.32965299684542587,0.9413173652694611,1.641167192429022,2.2996845425867507,0.28502994011976046,0.6131736526946108,0.6131736526946108,0.24842271293375395,0.26419558359621453,1.641167192429022,2.2996845425867507,median,1.8533324752288243,1.8288643533123028,0.28502994011976046,0.28502994011976046
dpmlm_shap,"{'rho': 0.8, 'epsilon': 250}",0.6781294275419598,0.6870407921467212,0.5184064754268443,0.9534700315457413,1.7847003154574133,0.9353312302839116,1.9479495268138802,0.07742123625443936,0.11210287113200978,0.13536609568115007,1268.0,127,126,127,0.5826771653543307,0.4126984126984127,0.5984251968503937,1268,1268,1268.0,1268,1268.0,2536.0,1268,0.9353312302839116,0.9929022082018928,0.32965299684542587,mode,0.865056799289334,0.865056799289334,0.9131985731272294,0.9131985731272294,"median,mode",0.9929022082018928,0.32965299684542587,0.9131985731272293,1.75,2.2996845425867507,0.36011477761836463,0.636656675372797,0.636656675372797,0.1995268138801262,0.2476340694006309,1.75,2.2996845425867507,median,1.9437855745508712,1.9479495268138802,0.36011477761836463,0.36011477761836463,1268,1268,1268.0,1268,1268.0,2536.0,1268,0.9534700315457413,0.9881703470031545,0.32965299684542587,mode,0.8929316707031618,0.8929316707031618,0.9473053892215568,0.9473053892215568,"median,mode",0.9881703470031545,0.32965299684542587,0.9473053892215568,1.641167192429022,2.2996845425867507,0.2179640718562874,0.5826347305389221,0.5826347305389221,0.23186119873817035,0.26419558359621453,1.641167192429022,2.2996845425867507,median,1.8040768453910967,1.7847003154574133,0.21796407185628744,0.21796407185628744
dpmlm_shap,"{'rho': 0.7, 'epsilon': 10}",0.4661806556901144,0.45566805930942117,0.29142476870732165,0.9077287066246057,1.8312302839116719,0.8990536277602523,1.832807570977918,0.10397848383485331,0.16434402307877405,0.25559289064830487,1268.0,127,126,127,0.3228346456692913,0.21428571428571427,0.3543307086614173,1268,1268,1268.0,1268,1268.0,2536.0,1268,0.8990536277602523,0.9929022082018928,0.32965299684542587,mode,0.802356903651071,0.802356903651071,0.8585017835909631,0.8585017835909631,"median,mode",0.9929022082018928,0.32965299684542587,0.8585017835909631,1.75,2.2996845425867507,0.15064562410329976,0.5045737038471315,0.5045737038471315,0.20504731861198738,0.2476340694006309,1.75,2.2996845425867507,median,1.8325706042578505,1.832807570977918,0.15064562410329976,0.15064562410329976,1268,1268,1268.0,1268,1268.0,2536.0,1268,0.9077287066246057,0.9881703470031545,0.32965299684542587,mode,0.7635710582688349,0.7635710582688349,0.8778443113772456,0.8778443113772456,"median,mode",0.9881703470031545,0.32965299684542587,0.8778443113772456,1.641167192429022,2.2996845425867507,0.2886227544910179,0.5832335329341317,0.5832335329341317,0.23422712933753942,0.26419558359621453,1.641167192429022,2.2996845425867507,median,1.8441733857970988,1.8312302839116719,0.2886227544910179,0.2886227544910179
dpmlm_shap,"{'rho': 0.7, 'epsilon': 25}",0.5096381145530122,0.4799259117198131,0.32976428843370176,0.889589905362776,1.8233438485804416,0.8966876971608833,1.8438485804416405,0.10113817754228033,0.15887231980259486,0.25361874506363796,1268.0,127,126,127,0.3779527559055118,0.24603174603174602,0.36220472440944884,1268,1268,1268.0,1268,1268.0,2536.0,1268,0.8966876971608833,0.9929022082018928,0.32965299684542587,mode,0.8052363741178762,0.8052363741178762,0.8549346016646848,0.8549346016646848,"median,mode",0.9929022082018928,0.32965299684542587,0.8549346016646848,1.75,2.2996845425867507,0.17073170731707335,0.5128331544908791,0.5128331544908791,0.19479495268138802,0.2476340694006309,1.75,2.2996845425867507,median,1.8428179992087648,1.8438485804416405,0.17073170731707335,0.17073170731707335,1268,1268,1268.0,1268,1268.0,2536.0,1268,0.889589905362776,0.9881703470031545,0.32965299684542587,mode,0.6780813015828033,0.6780813015828033,0.850299401197605,0.850299401197605,"median,mode",0.9881703470031545,0.32965299684542587,0.850299401197605,1.641167192429022,2.2996845425867507,0.27664670658682633,0.5634730538922157,0.5634730538922157,0.24369085173501578,0.26419558359621453,1.641167192429022,2.2996845425867507,median,1.8295739208075246,1.8233438485804416,0.27664670658682633,0.27664670658682633
dpmlm_shap,"{'rho': 0.7, 'epsilon': 50}",0.5578920123980963,0.5534022620703989,0.3921045408731771,0.917192429022082,1.7610410094637223,0.9029968454258676,1.9266561514195584,0.09555396259019051,0.14509699122292763,0.2417289670474169,1268.0,127,126,127,0.4330708661417323,0.30158730158730157,0.4566929133858268,1268,1268,1268.0,1268,1268.0,2536.0,1268,0.9029968454258676,0.9929022082018928,0.32965299684542587,mode,0.8146683033598197,0.8146683033598197,0.8644470868014267,0.8644470868014267,"median,mode",0.9929022082018928,0.32965299684542587,0.8644470868014268,1.75,2.2996845425867507,0.3213773314203731,0.5929122091108999,0.5929122091108999,0.18690851735015773,0.2476340694006309,1.75,2.2996845425867507,median,1.9248352355230485,1.9266561514195584,0.3213773314203731,0.3213773314203731,1268,1268,1268.0,1268,1268.0,2536.0,1268,0.917192429022082,0.9881703470031545,0.32965299684542587,mode,0.7891555344455382,0.7891555344455382,0.8922155688622754,0.8922155688622754,"median,mode",0.9881703470031545,0.32965299684542587,0.8922155688622753,1.641167192429022,2.2996845425867507,0.18203592814371247,0.5371257485029939,0.5371257485029939,0.25157728706624605,0.26419558359621453,1.641167192429022,2.2996845425867507,median,1.7788995693869316,1.7610410094637223,0.18203592814371247,0.18203592814371247
dpmlm_shap,"{'rho': 0.7, 'epsilon': 100}",0.5875314618407015,0.5811008886312607,0.42535322294031325,0.9305993690851735,1.7310725552050472,0.9148264984227129,1.914826498422713,0.09028604993308756,0.13266231914047938,0.22540997968002496,1268.0,127,126,127,0.4881889763779528,0.3253968253968254,0.47244094488188976,1268,1268,1268.0,1268,1268.0,2536.0,1268,0.9148264984227129,0.9929022082018928,0.32965299684542587,mode,0.8316770399600957,0.8316770399600957,0.8822829964328178,0.8822829964328178,"median,mode",0.9929022082018928,0.32965299684542587,0.8822829964328178,1.75,2.2996845425867507,0.2998565279770447,0.5910697622049312,0.5910697622049312,0.19873817034700317,0.2476340694006309,1.75,2.2996845425867507,median,1.9099512612773073,1.914826498422713,0.2998565279770447,0.2998565279770447,1268,1268,1268.0,1268,1268.0,2536.0,1268,0.9305993690851735,0.9881703470031545,0.32965299684542587,mode,0.8385663438598433,0.8385663438598433,0.9125748502994014,0.9125748502994014,"median,mode",0.9881703470031545,0.32965299684542587,0.9125748502994016,1.641167192429022,2.2996845425867507,0.13652694610778426,0.5245508982035929,0.5245508982035929,0.26813880126182965,0.26419558359621453,1.641167192429022,2.2996845425867507,median,1.7582161021350204,1.7310725552050472,0.13652694610778426,0.13652694610778426
dpmlm_shap,"{'rho': 0.7, 'epsilon': 250}",0.6433865885633636,0.6331618340242302,0.47850803995307456,0.9022082018927445,1.8730283911671923,0.917192429022082,1.9534700315457414,0.08565191327585407,0.12304454021837433,0.20583380982309443,1268.0,127,126,127,0.5433070866141733,0.38095238095238093,0.5275590551181102,1268,1268,1268.0,1268,1268.0,2536.0,1268,0.917192429022082,0.9929022082018928,0.32965299684542587,mode,0.8322067429046274,0.8322067429046274,0.8858501783590961,0.8858501783590961,"median,mode",0.9929022082018928,0.32965299684542587,0.8858501783590962,1.75,2.2996845425867507,0.37015781922525126,0.6280039987921736,0.6280039987921736,0.20425867507886436,0.2476340694006309,1.75,2.2996845425867507,median,1.948752146035959,1.9534700315457414,0.37015781922525126,0.37015781922525126,1268,1268,1268.0,1268,1268.0,2536.0,1268,0.9022082018927445,0.9881703470031545,0.32965299684542587,mode,0.7121834717857752,0.7121834717857752,0.8694610778443115,0.8694610778443115,"median,mode",0.9881703470031545,0.32965299684542587,0.8694610778443115,1.641167192429022,2.2996845425867507,0.3520958083832334,0.6107784431137725,0.6107784431137725,0.23659305993690852,0.26419558359621453,1.641167192429022,2.2996845425867507,median,1.8719555813251085,1.8730283911671923,0.3520958083832334,0.3520958083832334
dpmlm_shap,"{'rho': 0.6, 'epsilon': 10}",0.356003847360391,0.3579345184895712,0.2178249376756971,0.8777602523659306,1.7578864353312302,0.8596214511041009,1.7981072555205047,0.12266899452600569,0.2023404522531604,0.3548953497237062,1268.0,127,126,127,0.2047244094488189,0.15079365079365079,0.25984251968503935,1268,1268,1268.0,1268,1268.0,2536.0,1268,0.8596214511041009,0.9929022082018928,0.32965299684542587,mode,0.7474947210890935,0.7474947210890935,0.7990487514863257,0.7990487514863257,"median,mode",0.9929022082018928,0.32965299684542587,0.7990487514863257,1.75,2.2996845425867507,0.08751793400286931,0.4432833427445976,0.4432833427445976,0.23422712933753942,0.2476340694006309,1.75,2.2996845425867507,median,1.8041374911901598,1.7981072555205047,0.08751793400286931,0.08751793400286931,1268,1268,1268.0,1268,1268.0,2536.0,1268,0.8777602523659306,0.9881703470031545,0.32965299684542587,mode,0.6097049983658139,0.6097049983658139,0.8323353293413174,0.8323353293413174,"median,mode",0.9881703470031545,0.32965299684542587,0.8323353293413174,1.641167192429022,2.2996845425867507,0.17724550898203587,0.5047904191616767,0.5047904191616767,0.20741324921135645,0.26419558359621453,1.641167192429022,2.2996845425867507,median,1.7512830770849397,1.7578864353312302,0.17724550898203587,0.17724550898203587
dpmlm_shap,"{'rho': 0.6, 'epsilon': 25}",0.4122807323388663,0.42448882109995634,0.2777538199484167,0.8761829652996845,1.8943217665615142,0.8753943217665615,1.836750788643533,0.11738716738081129,0.18776778722834137,0.3506684506809407,1268.0,127,126,127,0.28346456692913385,0.21428571428571427,0.31496062992125984,1268,1268,1268.0,1268,1268.0,2536.0,1268,0.8753943217665615,0.9929022082018928,0.32965299684542587,mode,0.7799717877856951,0.7799717877856951,0.8228299643281806,0.8228299643281806,"median,mode",0.9929022082018928,0.32965299684542587,0.8228299643281806,1.75,2.2996845425867507,0.1578192252510759,0.49032459478962825,0.49032459478962825,0.20977917981072555,0.2476340694006309,1.75,2.2996845425867507,median,1.8389809673164217,1.836750788643533,0.1578192252510759,0.1578192252510759,1268,1268,1268.0,1268,1268.0,2536.0,1268,0.8761829652996845,0.9881703470031545,0.32965299684542587,mode,0.6232504663484375,0.6232504663484375,0.8299401197604791,0.8299401197604791,"median,mode",0.9881703470031545,0.32965299684542587,0.829940119760479,1.641167192429022,2.2996845425867507,0.3844311377245509,0.607185628742515,0.607185628742515,0.23738170347003154,0.26419558359621453,1.641167192429022,2.2996845425867507,median,1.8968671823132845,1.8943217665615142,0.3844311377245509,0.3844311377245509
dpmlm_shap,"{'rho': 0.6, 'epsilon': 50}",0.49208708867543777,0.4918339056359439,0.32665673538218454,0.8824921135646687,1.8399053627760253,0.8793375394321766,1.9195583596214512,0.10829057462207903,0.1647912362114488,0.32944079530642134,1268.0,127,126,127,0.3779527559055118,0.23809523809523808,0.3858267716535433,1268,1268,1268.0,1268,1268.0,2536.0,1268,0.8793375394321766,0.9929022082018928,0.32965299684542587,mode,0.7739631444643758,0.7739631444643758,0.8287752675386442,0.8287752675386442,"median,mode",0.9929022082018928,0.32965299684542587,0.8287752675386442,1.75,2.2996845425867507,0.30846484935437607,0.5686200584465102,0.5686200584465102,0.19085173501577288,0.2476340694006309,1.75,2.2996845425867507,median,1.9207379813486238,1.9195583596214512,0.30846484935437607,0.30846484935437607,1268,1268,1268.0,1268,1268.0,2536.0,1268,0.8824921135646687,0.9881703470031545,0.32965299684542587,mode,0.6163247015589294,0.6163247015589294,0.8395209580838323,0.8395209580838323,"median,mode",0.9881703470031545,0.32965299684542587,0.8395209580838323,1.641167192429022,2.2996845425867507,0.30179640718562895,0.5706586826347306,0.5706586826347306,0.2444794952681388,0.26419558359621453,1.641167192429022,2.2996845425867507,median,1.8667230538511648,1.8399053627760253,0.30179640718562895,0.30179640718562895
dpmlm_shap,"{'rho': 0.6, 'epsilon': 100}",0.5519865932591113,0.5418481823860944,0.3878424139120196,0.8919558359621451,1.7657728706624605,0.8974763406940063,1.9219242902208202,0.10074230036712971,0.14691519793651833,0.3036922696067359,1268.0,127,126,127,0.44881889763779526,0.30158730158730157,0.4330708661417323,1268,1268,1268.0,1268,1268.0,2536.0,1268,0.8974763406940063,0.9929022082018928,0.32965299684542587,mode,0.8099349849442666,0.8099349849442666,0.8561236623067776,0.8561236623067776,"median,mode",0.9929022082018928,0.32965299684542587,0.8561236623067776,1.75,2.2996845425867507,0.31276901004304175,0.5844463361749096,0.5844463361749096,0.20110410094637224,0.2476340694006309,1.75,2.2996845425867507,median,1.9185624260871508,1.9219242902208202,0.31276901004304175,0.31276901004304175,1268,1268,1268.0,1268,1268.0,2536.0,1268,0.8919558359621451,0.9881703470031545,0.32965299684542587,mode,0.6801438094233023,0.6801438094233023,0.8538922155688625,0.8538922155688625,"median,mode",0.9881703470031545,0.32965299684542587,0.8538922155688626,1.641167192429022,2.2996845425867507,0.1892215568862274,0.521556886227545,0.521556886227545,0.23974763406940064,0.26419558359621453,1.641167192429022,2.2996845425867507,median,1.7743090058944957,1.7657728706624605,0.1892215568862274,0.1892215568862274
dpmlm_shap,"{'rho': 0.6, 'epsilon': 250}",0.5853120013880331,0.6191768081238099,0.4177606641658059,0.9219242902208202,1.7823343848580442,0.8998422712933754,1.9668769716088328,0.09452726120828454,0.13311155178005388,0.2757270339746199,1268.0,127,126,127,0.48031496062992124,0.3253968253968254,0.5039370078740157,1268,1268,1268.0,1268,1268.0,2536.0,1268,0.8998422712933754,0.9929022082018928,0.32965299684542587,mode,0.8119069101252107,0.8119069101252107,0.8596908442330558,0.8596908442330558,"median,mode",0.9929022082018928,0.32965299684542587,0.8596908442330556,1.75,2.2996845425867507,0.39454806312769014,0.6271194536803729,0.6271194536803729,0.1995268138801262,0.2476340694006309,1.75,2.2996845425867507,median,1.9615170942428695,1.9668769716088328,0.39454806312769014,0.39454806312769014,1268,1268,1268.0,1268,1268.0,2536.0,1268,0.9219242902208202,0.9881703470031545,0.32965299684542587,mode,0.809213760585617,0.809213760585617,0.8994011976047906,0.8994011976047906,"median,mode",0.9881703470031545,0.32965299684542587,0.8994011976047906,1.641167192429022,2.2996845425867507,0.21437125748503,0.5568862275449104,0.5568862275449104,0.2531545741324921,0.26419558359621453,1.641167192429022,2.2996845425867507,median,1.7974817833568981,1.7823343848580442,0.21437125748503,0.21437125748503
dpmlm_shap,"{'rho': 0.5, 'epsilon': 10}",0.25489726310312283,0.2985086122972602,0.19390866807900378,0.8099369085173501,1.910883280757098,0.7981072555205048,1.832807570977918,0.14241746223123292,0.24349488463687596,0.4567789517391227,1268.0,127,126,127,0.12598425196850394,0.14285714285714285,0.1968503937007874,1268,1268,1268.0,1268,1268.0,2536.0,1268,0.7981072555205048,0.9929022082018928,0.32965299684542587,mode,0.6629231702187833,0.6629231702187833,0.7063020214030915,0.7063020214030915,"median,mode",0.9929022082018928,0.32965299684542587,0.7063020214030915,1.75,2.2996845425867507,0.15064562410329976,0.4284738227531957,0.4284738227531957,0.22318611987381703,0.2476340694006309,1.75,2.2996845425867507,median,1.8312784381514788,1.832807570977918,0.15064562410329976,0.15064562410329976,1268,1268,1268.0,1268,1268.0,2536.0,1268,0.8099369085173501,0.9881703470031545,0.32965299684542587,mode,0.5530172070532298,0.5530172070532298,0.7293413173652695,0.7293413173652695,"median,mode",0.9881703470031545,0.32965299684542587,0.7293413173652695,1.641167192429022,2.2996845425867507,0.4095808383233535,0.5694610778443115,0.5694610778443115,0.1995268138801262,0.26419558359621453,1.641167192429022,2.2996845425867507,median,1.8909908719168607,1.910883280757098,0.4095808383233535,0.4095808383233535
dpmlm_shap,"{'rho': 0.5, 'epsilon': 25}",0.30764261051482045,0.35195700073594777,0.2341258352812256,0.8493690851735016,1.8509463722397477,0.8225552050473186,1.8130914826498423,0.134206432602383,0.21740752561987386,0.44899534310859757,1268.0,127,126,127,0.18110236220472442,0.16666666666666666,0.2440944881889764,1268,1268,1268.0,1268,1268.0,2536.0,1268,0.8225552050473186,0.9929022082018928,0.32965299684542587,mode,0.7096421249586662,0.7096421249586662,0.7431629013079666,0.7431629013079666,"median,mode",0.9929022082018928,0.32965299684542587,0.7431629013079666,1.75,2.2996845425867507,0.11477761836441905,0.4289702598361928,0.4289702598361928,0.22397476340694006,0.2476340694006309,1.75,2.2996845425867507,median,1.8081890181721652,1.8130914826498423,0.11477761836441905,0.11477761836441905,1268,1268,1268.0,1268,1268.0,2536.0,1268,0.8493690851735016,0.9881703470031545,0.32965299684542587,mode,0.5888940922074789,0.5888940922074789,0.7892215568862279,0.7892215568862279,"median,mode",0.9881703470031545,0.32965299684542587,0.7892215568862279,1.641167192429022,2.2996845425867507,0.3185628742514971,0.5538922155688625,0.5538922155688625,0.23422712933753942,0.26419558359621453,1.641167192429022,2.2996845425867507,median,1.8458434360753404,1.8509463722397477,0.3185628742514971,0.3185628742514971
dpmlm_shap,"{'rho': 0.5, 'epsilon': 50}",0.4446276870819825,0.4368398108633085,0.27163845112303464,0.8738170347003155,1.9929022082018928,0.8430599369085173,1.9369085173501577,0.12118966172358216,0.18353150956544215,0.41615759471818303,1268.0,127,126,127,0.3228346456692913,0.18253968253968253,0.3228346456692913,1268,1268,1268.0,1268,1268.0,2536.0,1268,0.8430599369085173,0.9929022082018928,0.32965299684542587,mode,0.7250970437285295,0.7250970437285295,0.7740784780023778,0.7740784780023778,"median,mode",0.9929022082018928,0.32965299684542587,0.7740784780023778,1.75,2.2996845425867507,0.34002869440459105,0.5570535862034844,0.5570535862034844,0.19637223974763407,0.2476340694006309,1.75,2.2996845425867507,median,1.9341244025477597,1.9369085173501577,0.34002869440459105,0.34002869440459105,1268,1268,1268.0,1268,1268.0,2536.0,1268,0.8738170347003155,0.9881703470031545,0.32965299684542587,mode,0.6237926037859994,0.6237926037859994,0.8263473053892216,0.8263473053892216,"median,mode",0.9881703470031545,0.32965299684542587,0.8263473053892216,1.641167192429022,2.2996845425867507,0.5341317365269462,0.6802395209580839,0.6802395209580839,0.222397476340694,0.26419558359621453,1.641167192429022,2.2996845425867507,median,2.0187989373984085,1.9929022082018928,0.5341317365269462,0.5341317365269462
dpmlm_shap,"{'rho': 0.5, 'epsilon': 100}",0.5096220835304217,0.519385688328659,0.35861407191211686,0.9006309148264984,1.832807570977918,0.8793375394321766,1.9053627760252365,0.11143485271028164,0.1595772319129589,0.38040764202219535,1268.0,127,126,127,0.4015748031496063,0.2619047619047619,0.4094488188976378,1268,1268,1268.0,1268,1268.0,2536.0,1268,0.8793375394321766,0.9929022082018928,0.32965299684542587,mode,0.7907992803886089,0.7907992803886089,0.8287752675386442,0.8287752675386442,"median,mode",0.9929022082018928,0.32965299684542587,0.8287752675386442,1.75,2.2996845425867507,0.28263988522238154,0.5557075763805128,0.5557075763805128,0.20662460567823343,0.2476340694006309,1.75,2.2996845425867507,median,1.898855272906386,1.9053627760252365,0.28263988522238154,0.28263988522238154,1268,1268,1268.0,1268,1268.0,2536.0,1268,0.9006309148264984,0.9881703470031545,0.32965299684542587,mode,0.7094281558571294,0.7094281558571294,0.8670658682634732,0.8670658682634732,"median,mode",0.9881703470031545,0.32965299684542587,0.8670658682634733,1.641167192429022,2.2996845425867507,0.2910179640718562,0.5790419161676648,0.5790419161676648,0.22397476340694006,0.26419558359621453,1.641167192429022,2.2996845425867507,median,1.8226546924644869,1.832807570977918,0.2910179640718562,0.2910179640718562
dpmlm_shap,"{'rho': 0.5, 'epsilon': 250}",0.5274554180024794,0.5821276845471524,0.38913627244413257,0.8982649842271293,1.7973186119873816,0.8817034700315457,1.9652996845425867,0.10398024597942641,0.1432981850455988,0.34535398837099196,1268.0,127,126,127,0.4094488188976378,0.30158730158730157,0.47244094488188976,1268,1268,1268.0,1268,1268.0,2536.0,1268,0.8817034700315457,0.9929022082018928,0.32965299684542587,mode,0.784663235118012,0.784663235118012,0.8323424494649224,0.8323424494649224,"median,mode",0.9929022082018928,0.32965299684542587,0.8323424494649225,1.75,2.2996845425867507,0.39167862266857967,0.612010536066751,0.612010536066751,0.20425867507886436,0.2476340694006309,1.75,2.2996845425867507,median,1.957648657553923,1.9652996845425867,0.39167862266857967,0.39167862266857967,1268,1268,1268.0,1268,1268.0,2536.0,1268,0.8982649842271293,0.9881703470031545,0.32965299684542587,mode,0.7182485712984091,0.7182485712984091,0.8634730538922157,0.8634730538922157,"median,mode",0.9881703470031545,0.32965299684542587,0.8634730538922157,1.641167192429022,2.2996845425867507,0.23712574850299392,0.5502994011976048,0.5502994011976048,0.26498422712933756,0.26419558359621453,1.641167192429022,2.2996845425867507,median,1.814957597086174,1.7973186119873816,0.23712574850299392,0.23712574850299392
dpmlm_shap,"{'rho': 0.4, 'epsilon': 10}",0.16811777782980922,0.18983052175784307,0.11702892564086859,0.7421135646687698,1.9290220820189274,0.7160883280757098,1.865141955835962,0.1645546947555963,0.29531625068338135,0.5609984539992785,1268.0,127,126,127,0.05511811023622047,0.07142857142857142,0.10236220472440945,1268,1268,1268.0,1268,1268.0,2536.0,1268,0.7160883280757098,0.9929022082018928,0.32965299684542587,mode,0.5893008641098566,0.5893008641098566,0.5826397146254458,0.5826397146254458,"median,mode",0.9929022082018928,0.32965299684542587,0.5826397146254458,1.75,2.2996845425867507,0.20946915351506454,0.3960544340702552,0.3960544340702552,0.21608832807570977,0.2476340694006309,1.75,2.2996845425867507,median,1.857090425787051,1.865141955835962,0.2094691535150645,0.2094691535150645,1268,1268,1268.0,1268,1268.0,2536.0,1268,0.7421135646687698,0.9881703470031545,0.32965299684542587,mode,0.4851535535792569,0.4851535535792569,0.6263473053892217,0.6263473053892217,"median,mode",0.9881703470031545,0.32965299684542587,0.6263473053892217,1.641167192429022,2.2996845425867507,0.4371257485029941,0.531736526946108,0.531736526946108,0.20899053627760253,0.26419558359621453,1.641167192429022,2.2996845425867507,median,1.9362366310870986,1.9290220820189274,0.43712574850299407,0.43712574850299407
dpmlm_shap,"{'rho': 0.4, 'epsilon': 25}",0.2130628492319839,0.2744545420946495,0.17123949228949895,0.7996845425867508,1.9518927444794953,0.7452681388012619,1.8438485804416405,0.1522061492460383,0.24877123600488957,0.5477379243992432,1268.0,127,126,127,0.08661417322834646,0.11904761904761904,0.1889763779527559,1268,1268,1268.0,1268,1268.0,2536.0,1268,0.7452681388012619,0.9929022082018928,0.32965299684542587,mode,0.6216196457956934,0.6216196457956934,0.6266349583828775,0.6266349583828775,"median,mode",0.9929022082018928,0.32965299684542587,0.6266349583828775,1.75,2.2996845425867507,0.17073170731707335,0.3986833328499754,0.3986833328499754,0.20899053627760253,0.2476340694006309,1.75,2.2996845425867507,median,1.8341986468274145,1.8438485804416405,0.17073170731707335,0.17073170731707335,1268,1268,1268.0,1268,1268.0,2536.0,1268,0.7996845425867508,0.9881703470031545,0.32965299684542587,mode,0.5454408230641022,0.5454408230641022,0.7137724550898205,0.7137724550898205,"median,mode",0.9881703470031545,0.32965299684542587,0.7137724550898205,1.641167192429022,2.2996845425867507,0.47185628742514985,0.5928143712574852,0.5928143712574852,0.19794952681388012,0.26419558359621453,1.641167192429022,2.2996845425867507,median,1.9428397127815502,1.9518927444794953,0.47185628742514985,0.47185628742514985
dpmlm_shap,"{'rho': 0.4, 'epsilon': 50}",0.3674567657906059,0.3942234043009809,0.22731074264706647,0.863564668769716,1.8438485804416405,0.807570977917981,1.9179810725552051,0.13454739359275023,0.20114753226094442,0.5014779049133059,1268.0,127,126,127,0.23622047244094488,0.14285714285714285,0.29133858267716534,1268,1268,1268.0,1268,1268.0,2536.0,1268,0.807570977917981,0.9929022082018928,0.32965299684542587,mode,0.6816806806633332,0.6816806806633332,0.7205707491082044,0.7205707491082044,"median,mode",0.9929022082018928,0.32965299684542587,0.7205707491082044,1.75,2.2996845425867507,0.3055954088952656,0.5130830790017351,0.5130830790017351,0.20031545741324921,0.2476340694006309,1.75,2.2996845425867507,median,1.9094667240784797,1.9179810725552051,0.3055954088952656,0.3055954088952656,1268,1268,1268.0,1268,1268.0,2536.0,1268,0.863564668769716,0.9881703470031545,0.32965299684542587,mode,0.5998492119609053,0.5998492119609053,0.8107784431137726,0.8107784431137726,"median,mode",0.9881703470031545,0.32965299684542587,0.8107784431137726,1.641167192429022,2.2996845425867507,0.3077844311377247,0.5592814371257486,0.5592814371257486,0.21214511041009465,0.26419558359621453,1.641167192429022,2.2996845425867507,median,1.830736903098322,1.8438485804416405,0.3077844311377247,0.3077844311377247
dpmlm_shap,"{'rho': 0.4, 'epsilon': 100}",0.44023014274263345,0.44728646028052244,0.2856255242335061,0.8738170347003155,1.9361198738170347,0.8541009463722398,1.9085173501577286,0.1227520559958479,0.1719399629989257,0.45651102889132156,1268.0,127,126,127,0.3228346456692913,0.20634920634920634,0.3228346456692913,1268,1268,1268.0,1268,1268.0,2536.0,1268,0.8541009463722398,0.9929022082018928,0.32965299684542587,mode,0.7629380517792702,0.7629380517792702,0.7907253269916765,0.7907253269916765,"median,mode",0.9929022082018928,0.32965299684542587,0.7907253269916765,1.75,2.2996845425867507,0.2883787661406024,0.5395520465661394,0.5395520465661394,0.20662460567823343,0.2476340694006309,1.75,2.2996845425867507,median,1.8957235741111162,1.9085173501577286,0.2883787661406024,0.2883787661406024,1268,1268,1268.0,1268,1268.0,2536.0,1268,0.8738170347003155,0.9881703470031545,0.32965299684542587,mode,0.6071755636779884,0.6071755636779884,0.8263473053892216,0.8263473053892216,"median,mode",0.9881703470031545,0.32965299684542587,0.8263473053892216,1.641167192429022,2.2996845425867507,0.4479041916167664,0.6371257485029941,0.6371257485029941,0.22318611987381703,0.26419558359621453,1.641167192429022,2.2996845425867507,median,1.94367924802722,1.9361198738170347,0.4479041916167664,0.4479041916167664
dpmlm_shap,"{'rho': 0.4, 'epsilon': 250}",0.4799853439417906,0.5343551061372073,0.34468107143388194,0.8856466876971609,1.839116719242902,0.8659305993690851,1.975552050473186,0.11434133308543015,0.15359561093598134,0.41549925834545076,1268.0,127,126,127,0.3543307086614173,0.25396825396825395,0.41732283464566927,1268,1268,1268.0,1268,1268.0,2536.0,1268,0.8659305993690851,0.9929022082018928,0.32965299684542587,mode,0.7625019742795689,0.7625019742795689,0.8085612366230677,0.8085612366230677,"median,mode",0.9929022082018928,0.32965299684542587,0.8085612366230678,1.75,2.2996845425867507,0.41032998565279766,0.6094456111379327,0.6094456111379327,0.20662460567823343,0.2476340694006309,1.75,2.2996845425867507,median,1.9635801121419207,1.975552050473186,0.41032998565279766,0.41032998565279766,1268,1268,1268.0,1268,1268.0,2536.0,1268,0.8856466876971609,0.9881703470031545,0.32965299684542587,mode,0.6840049573114726,0.6840049573114726,0.8443113772455092,0.8443113772455092,"median,mode",0.9881703470031545,0.32965299684542587,0.8443113772455093,1.641167192429022,2.2996845425867507,0.3005988023952094,0.5724550898203594,0.5724550898203594,0.25236593059936907,0.26419558359621453,1.641167192429022,2.2996845425867507,median,1.8584562241785758,1.839116719242902,0.3005988023952094,0.3005988023952094
dpmlm_shap,"{'rho': 0.3, 'epsilon': 10}",0.1213158296976875,0.13670063680389802,0.07803410564223602,0.6569400630914827,1.862776025236593,0.6301261829652997,1.9211356466876972,0.18774991870302507,0.35592851203745846,0.6669103967388618,1268.0,127,126,127,0.03937007874015748,0.047619047619047616,0.05511811023622047,1268,1268,1268.0,1268,1268.0,2536.0,1268,0.6301261829652997,0.9929022082018928,0.32965299684542587,mode,0.5077818379819707,0.5077818379819707,0.4530321046373364,0.4530321046373364,"median,mode",0.9929022082018928,0.32965299684542587,0.4530321046373364,1.75,2.2996845425867507,0.3113342898134865,0.3821831972254114,0.3821831972254114,0.2113564668769716,0.2476340694006309,1.75,2.2996845425867507,median,1.9124291487575595,1.9211356466876972,0.3113342898134865,0.3113342898134865,1268,1268,1268.0,1268,1268.0,2536.0,1268,0.6569400630914827,0.9881703470031545,0.32965299684542587,mode,0.3859458291442029,0.3859458291442029,0.4970059880239522,0.4970059880239522,"median,mode",0.9881703470031545,0.32965299684542587,0.49700598802395224,1.641167192429022,2.2996845425867507,0.3365269461077844,0.4167664670658683,0.4167664670658683,0.17902208201892744,0.26419558359621453,1.641167192429022,2.2996845425867507,median,1.8401974000378531,1.862776025236593,0.3365269461077844,0.3365269461077844
dpmlm_shap,"{'rho': 0.3, 'epsilon': 25}",0.17166219933174295,0.22127539827825102,0.12322038708246906,0.7058359621451105,1.9787066246056781,0.6853312302839116,1.863564668769716,0.17012395359552246,0.2819200322408029,0.6453108935467765,1268.0,127,126,127,0.05511811023622047,0.07142857142857142,0.12598425196850394,1268,1268,1268.0,1268,1268.0,2536.0,1268,0.6853312302839116,0.9929022082018928,0.32965299684542587,mode,0.5660828045689605,0.5660828045689605,0.5362663495838287,0.5362663495838287,"median,mode",0.9929022082018928,0.32965299684542587,0.5362663495838287,1.75,2.2996845425867507,0.206599713055954,0.37143303131989136,0.37143303131989136,0.19006309148264985,0.2476340694006309,1.75,2.2996845425867507,median,1.850824170707251,1.863564668769716,0.20659971305595404,0.20659971305595404,1268,1268,1268.0,1268,1268.0,2536.0,1268,0.7058359621451105,0.9881703470031545,0.32965299684542587,mode,0.4467962818284051,0.4467962818284051,0.5712574850299402,0.5712574850299402,"median,mode",0.9881703470031545,0.32965299684542587,0.5712574850299402,1.641167192429022,2.2996845425867507,0.5125748502994011,0.5419161676646707,0.5419161676646707,0.19400630914826497,0.26419558359621453,1.641167192429022,2.2996845425867507,median,1.9723397959237983,1.9787066246056781,0.5125748502994011,0.5125748502994011
dpmlm_shap,"{'rho': 0.3, 'epsilon': 50}",0.31347747520727337,0.37075401628706156,0.23703959735505634,0.8367507886435331,1.8998422712933754,0.7618296529968455,1.9053627760252365,0.14796419502808844,0.21928242683316632,0.5851967404256816,1268.0,127,126,127,0.1732283464566929,0.16666666666666666,0.2755905511811024,1268,1268,1268.0,1268,1268.0,2536.0,1268,0.7618296529968455,0.9929022082018928,0.32965299684542587,mode,0.6313440001879834,0.6313440001879834,0.6516052318668252,0.6516052318668252,"median,mode",0.9929022082018928,0.32965299684542587,0.6516052318668252,1.75,2.2996845425867507,0.28263988522238154,0.46712255854460344,0.46712255854460344,0.20189274447949526,0.2476340694006309,1.75,2.2996845425867507,median,1.8930983652521869,1.9053627760252365,0.28263988522238154,0.28263988522238154,1268,1268,1268.0,1268,1268.0,2536.0,1268,0.8367507886435331,0.9881703470031545,0.32965299684542587,mode,0.5797681192448584,0.5797681192448584,0.770059880239521,0.770059880239521,"median,mode",0.9881703470031545,0.32965299684542587,0.770059880239521,1.641167192429022,2.2996845425867507,0.39281437125748503,0.581437125748503,0.581437125748503,0.2200315457413249,0.26419558359621453,1.641167192429022,2.2996845425867507,median,1.8871719302229657,1.8998422712933754,0.39281437125748503,0.39281437125748503
dpmlm_shap,"{'rho': 0.3, 'epsilon': 100}",0.4173534374692661,0.41723836820277893,0.25679552972254227,0.8706624605678234,1.8722397476340693,0.8194006309148265,1.9345425867507886,0.13454141150513657,0.18533704253589317,0.5317966556266263,1268.0,127,126,127,0.29133858267716534,0.1746031746031746,0.2992125984251969,1268,1268,1268.0,1268,1268.0,2536.0,1268,0.8194006309148265,0.9929022082018928,0.32965299684542587,mode,0.6984011251666505,0.6984011251666505,0.7384066587395957,0.7384066587395957,"median,mode",0.9929022082018928,0.32965299684542587,0.7384066587395957,1.75,2.2996845425867507,0.33572453371592537,0.5370655962277605,0.5370655962277605,0.20425867507886436,0.2476340694006309,1.75,2.2996845425867507,median,1.920820856777149,1.9345425867507886,0.33572453371592537,0.33572453371592537,1268,1268,1268.0,1268,1268.0,2536.0,1268,0.8706624605678234,0.9881703470031545,0.32965299684542587,mode,0.6048766211702596,0.6048766211702596,0.821556886227545,0.821556886227545,"median,mode",0.9881703470031545,0.32965299684542587,0.8215568862275449,1.641167192429022,2.2996845425867507,0.35089820359281426,0.5862275449101796,0.5862275449101796,0.23501577287066247,0.26419558359621453,1.641167192429022,2.2996845425867507,median,1.8771442743671567,1.8722397476340693,0.35089820359281426,0.35089820359281426
dpmlm_shap,"{'rho': 0.3, 'epsilon': 250}",0.4502534746106421,0.5175894718860579,0.3285228616186167,0.8730283911671924,1.8548895899053628,0.8454258675078864,2.0023659305993693,0.12538189325798949,0.16515887827151204,0.48576818222205725,1268.0,127,126,127,0.3228346456692913,0.23809523809523808,0.4094488188976378,1268,1268,1268.0,1268,1268.0,2536.0,1268,0.8454258675078864,0.9929022082018928,0.32965299684542587,mode,0.7255478274716385,0.7255478274716385,0.7776456599286561,0.7776456599286561,"median,mode",0.9929022082018928,0.32965299684542587,0.7776456599286561,1.75,2.2996845425867507,0.4591104734576762,0.6183780666931661,0.6183780666931661,0.19400630914826497,0.2476340694006309,1.75,2.2996845425867507,median,1.9910898582899743,2.0023659305993693,0.4591104734576762,0.4591104734576762,1268,1268,1268.0,1268,1268.0,2536.0,1268,0.8730283911671924,0.9881703470031545,0.32965299684542587,mode,0.6159849244939911,0.6159849244939911,0.8251497005988024,0.8251497005988024,"median,mode",0.9881703470031545,0.32965299684542587,0.8251497005988024,1.641167192429022,2.2996845425867507,0.32455089820359284,0.5748502994011977,0.5748502994011977,0.24053627760252366,0.26419558359621453,1.641167192429022,2.2996845425867507,median,1.8629172124771227,1.8548895899053628,0.32455089820359284,0.32455089820359284
dpmlm_shap,"{'rho': 0.2, 'epsilon': 10}",0.07315339832508405,0.0896582633530417,0.0428120673686346,0.40457413249211355,1.9684542586750788,0.5118296529968455,1.9810725552050472,0.2137352859466234,0.4307364638107432,0.7743263246680262,1268.0,127,126,127,0.015748031496062992,0.023809523809523808,0.023622047244094488,1268,1268,1268.0,1268,1268.0,2536.0,1268,0.5118296529968455,0.9929022082018928,0.32965299684542587,mode,0.41242943954431494,0.41242943954431494,0.2746730083234245,0.2746730083234245,"median,mode",0.9929022082018928,0.32965299684542587,0.2746730083234245,1.75,2.2996845425867507,0.42037302725968423,0.34752301779155437,0.34752301779155437,0.2082018927444795,0.2476340694006309,1.75,2.2996845425867507,median,1.965533692118182,1.9810725552050472,0.42037302725968423,0.42037302725968423,1268,1268,1268.0,1268,1268.0,2536.0,1268,0.40457413249211355,0.9881703470031545,0.32965299684542587,mode,0.16534334057541641,0.16534334057541641,0.11377245508982034,0.11377245508982034,"median,mode",0.9881703470031545,0.32965299684542587,0.11377245508982034,1.641167192429022,2.2996845425867507,0.4970059880239521,0.30538922155688625,0.30538922155688625,0.14668769716088328,0.26419558359621453,1.641167192429022,2.2996845425867507,median,1.9345785725151528,1.9684542586750788,0.4970059880239521,0.4970059880239521
dpmlm_shap,"{'rho': 0.2, 'epsilon': 25}",0.12658952336442747,0.1556880561866035,0.0767465595070449,0.5891167192429022,2.019716088328076,0.5977917981072555,1.8769716088328077,0.189063065200574,0.3166267245373327,0.7410764797386648,1268.0,127,126,127,0.047244094488188976,0.03968253968253968,0.06299212598425197,1268,1268,1268.0,1268,1268.0,2536.0,1268,0.5977917981072555,0.9929022082018928,0.32965299684542587,mode,0.4798673760385306,0.4798673760385306,0.4042806183115337,0.4042806183115337,"median,mode",0.9929022082018928,0.32965299684542587,0.4042806183115337,1.75,2.2996845425867507,0.23098995695839333,0.3176352876349635,0.3176352876349635,0.19558359621451105,0.2476340694006309,1.75,2.2996845425867507,median,1.8594317130515157,1.8769716088328077,0.23098995695839333,0.23098995695839333,1268,1268,1268.0,1268,1268.0,2536.0,1268,0.5891167192429022,0.9881703470031545,0.32965299684542587,mode,0.3001043927640821,0.3001043927640821,0.3940119760479042,0.3940119760479042,"median,mode",0.9881703470031545,0.32965299684542587,0.3940119760479042,1.641167192429022,2.2996845425867507,0.5748502994011978,0.48443113772455104,0.48443113772455104,0.15851735015772872,0.26419558359621453,1.641167192429022,2.2996845425867507,median,1.9962978926110186,2.019716088328076,0.5748502994011978,0.5748502994011978
dpmlm_shap,"{'rho': 0.2, 'epsilon': 50}",0.2683837319882146,0.3500561466506983,0.2133682742949752,0.806782334384858,1.9652996845425867,0.7208201892744479,1.9329652996845426,0.16251798086926011,0.2382941729027766,0.6671893150958507,1268.0,127,126,127,0.13385826771653545,0.15079365079365079,0.25984251968503935,1268,1268,1268.0,1268,1268.0,2536.0,1268,0.7208201892744479,0.9929022082018928,0.32965299684542587,mode,0.5874430596379182,0.5874430596379182,0.5897740784780022,0.5897740784780022,"median,mode",0.9929022082018928,0.32965299684542587,0.5897740784780022,1.75,2.2996845425867507,0.33285509325681495,0.4613145858674086,0.4613145858674086,0.20031545741324921,0.2476340694006309,1.75,2.2996845425867507,median,1.917375928069009,1.9329652996845426,0.33285509325681495,0.33285509325681495,1268,1268,1268.0,1268,1268.0,2536.0,1268,0.806782334384858,0.9881703470031545,0.32965299684542587,mode,0.5553071199779477,0.5553071199779477,0.7245508982035929,0.7245508982035929,"median,mode",0.9881703470031545,0.32965299684542587,0.7245508982035929,1.641167192429022,2.2996845425867507,0.4922155688622756,0.6083832335329342,0.6083832335329342,0.20741324921135645,0.26419558359621453,1.641167192429022,2.2996845425867507,median,1.9567912333216073,1.9652996845425867,0.4922155688622755,0.4922155688622755
dpmlm_shap,"{'rho': 0.2, 'epsilon': 100}",0.39852882540885215,0.40446254905234297,0.23732997951908955,0.8501577287066246,1.8690851735015772,0.804416403785489,1.9353312302839116,0.14756529517354272,0.20032486813113518,0.6068820164576674,1268.0,127,126,127,0.29133858267716534,0.15873015873015872,0.28346456692913385,1268,1268,1268.0,1268,1268.0,2536.0,1268,0.804416403785489,0.9929022082018928,0.32965299684542587,mode,0.6924186181769348,0.6924186181769348,0.7158145065398334,0.7158145065398334,"median,mode",0.9929022082018928,0.32965299684542587,0.7158145065398334,1.75,2.2996845425867507,0.33715925394548063,0.526486880242657,0.526486880242657,0.2082018927444795,0.2476340694006309,1.75,2.2996845425867507,median,1.921287955824038,1.9353312302839116,0.33715925394548063,0.33715925394548063,1268,1268,1268.0,1268,1268.0,2536.0,1268,0.8501577287066246,0.9881703470031545,0.32965299684542587,mode,0.5916980082050677,0.5916980082050677,0.7904191616766469,0.7904191616766469,"median,mode",0.9881703470031545,0.32965299684542587,0.7904191616766469,1.641167192429022,2.2996845425867507,0.34610778443113766,0.5682634730538924,0.5682634730538924,0.22712933753943218,0.26419558359621453,1.641167192429022,2.2996845425867507,median,1.8611153718430704,1.8690851735015772,0.34610778443113766,0.34610778443113766
dpmlm_shap,"{'rho': 0.2, 'epsilon': 250}",0.4225635029445413,0.49990020714731503,0.30848883221015655,0.8690851735015773,1.8556782334384858,0.8241324921135647,1.9929022082018928,0.13782055126003662,0.1781168204940832,0.5565509470787605,1268.0,127,126,127,0.31496062992125984,0.2222222222222222,0.3779527559055118,1268,1268,1268.0,1268,1268.0,2536.0,1268,0.8241324921135647,0.9929022082018928,0.32965299684542587,mode,0.7019065712491414,0.7019065712491414,0.745541022592152,0.745541022592152,"median,mode",0.9929022082018928,0.32965299684542587,0.745541022592152,1.75,2.2996845425867507,0.441893830703013,0.5937174266475826,0.5937174266475826,0.20110410094637224,0.2476340694006309,1.75,2.2996845425867507,median,1.9788280740838604,1.9929022082018928,0.4418938307030131,0.4418938307030131,1268,1268,1268.0,1268,1268.0,2536.0,1268,0.8690851735015773,0.9881703470031545,0.32965299684542587,mode,0.6134864677558319,0.6134864677558319,0.8191616766467067,0.8191616766467067,"median,mode",0.9881703470031545,0.32965299684542587,0.8191616766467067,1.641167192429022,2.2996845425867507,0.32574850299401203,0.5724550898203594,0.5724550898203594,0.24053627760252366,0.26419558359621453,1.641167192429022,2.2996845425867507,median,1.8663248324326038,1.8556782334384858,0.32574850299401203,0.32574850299401203
dpmlm_shap,"{'rho': 0.1, 'epsilon': 10}",0.05866141149459508,0.06030331636956236,0.019851934849023208,0.37381703470031546,2.074921135646688,0.36829652996845424,2.2839116719242902,0.2435103260004182,0.5225013384495624,0.8832562026881267,1268.0,127,126,127,0.015748031496062992,0.007936507936507936,0.007874015748031496,1268,1268,1268.0,1268,1268.0,2536.0,1268,0.36829652996845424,0.9929022082018928,0.32965299684542587,mode,0.2734397075649453,0.2734397075649453,0.058263971462544556,0.058263971462544556,"median,mode",0.9929022082018928,0.32965299684542587,0.05826397146254455,1.75,2.2996845425867507,0.9713055954088955,0.51478478343572,0.51478478343572,0.16482649842271294,0.2476340694006309,1.75,2.2996845425867507,median,2.270601201405846,2.2839116719242902,0.9713055954088955,0.9713055954088955,1268,1268,1268.0,1268,1268.0,2536.0,1268,0.37381703470031546,0.9881703470031545,0.32965299684542587,mode,0.14206950374144975,0.14206950374144975,0.06706586826347306,0.06706586826347306,"median,mode",0.9881703470031545,0.32965299684542587,0.06706586826347306,1.641167192429022,2.2996845425867507,0.6586826347305393,0.3628742514970062,0.3628742514970062,0.1253943217665615,0.26419558359621453,1.641167192429022,2.2996845425867507,median,2.037910209172391,2.074921135646688,0.6586826347305393,0.6586826347305393
dpmlm_shap,"{'rho': 0.1, 'epsilon': 25}",0.09742686662536681,0.12934505073112787,0.05794519905327152,0.3840694006309148,1.946372239747634,0.500788643533123,1.9242902208201893,0.20850977132373053,0.3501374626573328,0.8340266325902354,1268.0,127,126,127,0.031496062992125984,0.031746031746031744,0.06299212598425197,1268,1268,1268.0,1268,1268.0,2536.0,1268,0.500788643533123,0.9929022082018928,0.32965299684542587,mode,0.3847841185466005,0.3847841185466005,0.258026159334126,0.258026159334126,"median,mode",0.9929022082018928,0.32965299684542587,0.258026159334126,1.75,2.2996845425867507,0.31707317073170743,0.2875496650329167,0.2875496650329167,0.1861198738170347,0.2476340694006309,1.75,2.2996845425867507,median,1.9014057977891232,1.9242902208201893,0.31707317073170743,0.31707317073170743,1268,1268,1268.0,1268,1268.0,2536.0,1268,0.3840694006309148,0.9881703470031545,0.32965299684542587,mode,0.14586000203190083,0.14586000203190083,0.08263473053892216,0.08263473053892216,"median,mode",0.9881703470031545,0.32965299684542587,0.08263473053892216,1.641167192429022,2.2996845425867507,0.46347305389221544,0.2730538922155688,0.2730538922155688,0.20110410094637224,0.26419558359621453,1.641167192429022,2.2996845425867507,median,1.9294534897927147,1.946372239747634,0.46347305389221544,0.46347305389221544
dpmlm_shap,"{'rho': 0.1, 'epsilon': 50}",0.19668394449781207,0.26374344307244124,0.14015471900136114,0.723186119873817,1.9637223974763407,0.6719242902208202,1.9369085173501577,0.17825412157958237,0.25924709153711234,0.7480128361140215,1268.0,127,126,127,0.07874015748031496,0.0873015873015873,0.1732283464566929,1268,1268,1268.0,1268,1268.0,2536.0,1268,0.6719242902208202,0.9929022082018928,0.32965299684542587,mode,0.5329308708487749,0.5329308708487749,0.5160523186682521,0.5160523186682521,"median,mode",0.9929022082018928,0.32965299684542587,0.5160523186682521,1.75,2.2996845425867507,0.34002869440459105,0.4280405065364215,0.4280405065364215,0.19085173501577288,0.2476340694006309,1.75,2.2996845425867507,median,1.9157941229738102,1.9369085173501577,0.34002869440459105,0.34002869440459105,1268,1268,1268.0,1268,1268.0,2536.0,1268,0.723186119873817,0.9881703470031545,0.32965299684542587,mode,0.4791274456337126,0.4791274456337126,0.5976047904191617,0.5976047904191617,"median,mode",0.9881703470031545,0.32965299684542587,0.5976047904191617,1.641167192429022,2.2996845425867507,0.4898203592814372,0.5437125748502994,0.5437125748502994,0.18533123028391169,0.26419558359621453,1.641167192429022,2.2996845425867507,median,1.9447177585496123,1.9637223974763407,0.4898203592814372,0.4898203592814372
dpmlm_shap,"{'rho': 0.1, 'epsilon': 100}",0.33445233661406565,0.3447872710396845,0.1936284771547362,0.8241324921135647,1.9093059936908516,0.7602523659305994,1.9392744479495267,0.16219207023972593,0.21648901205051585,0.6820698716288497,1268.0,127,126,127,0.2283464566929134,0.1349206349206349,0.23622047244094488,1268,1268,1268.0,1268,1268.0,2536.0,1268,0.7602523659305994,0.9929022082018928,0.32965299684542587,mode,0.6450520347631253,0.6450520347631253,0.6492271105826397,0.6492271105826397,"median,mode",0.9929022082018928,0.32965299684542587,0.6492271105826397,1.75,2.2996845425867507,0.34433285509325673,0.49677998283794816,0.49677998283794816,0.2082018927444795,0.2476340694006309,1.75,2.2996845425867507,median,1.9210164102919651,1.9392744479495267,0.34433285509325673,0.34433285509325673,1268,1268,1268.0,1268,1268.0,2536.0,1268,0.8241324921135647,0.9881703470031545,0.32965299684542587,mode,0.5728697301767757,0.5728697301767757,0.7508982035928145,0.7508982035928145,"median,mode",0.9881703470031545,0.32965299684542587,0.7508982035928145,1.641167192429022,2.2996845425867507,0.4071856287425149,0.5790419161676648,0.5790419161676648,0.221608832807571,0.26419558359621453,1.641167192429022,2.2996845425867507,median,1.9044427665185877,1.9093059936908516,0.40718562874251485,0.40718562874251485
dpmlm_shap,"{'rho': 0.1, 'epsilon': 250}",0.3602372059282313,0.4440025028621921,0.2586126590719388,0.8596214511041009,1.7184542586750788,0.7957413249211357,2.0086750788643535,0.1519185052215113,0.19237875480099056,0.628368193085114,1268.0,127,126,127,0.2440944881889764,0.18253968253968253,0.33858267716535434,1268,1268,1268.0,1268,1268.0,2536.0,1268,0.7957413249211357,0.9929022082018928,0.32965299684542587,mode,0.6844002148118179,0.6844002148118179,0.7027348394768133,0.7027348394768133,"median,mode",0.9929022082018928,0.32965299684542587,0.7027348394768133,1.75,2.2996845425867507,0.47058823529411803,0.5866615373854657,0.5866615373854657,0.19637223974763407,0.2476340694006309,1.75,2.2996845425867507,median,1.991533388668942,2.0086750788643535,0.47058823529411803,0.47058823529411803,1268,1268,1268.0,1268,1268.0,2536.0,1268,0.8596214511041009,0.9881703470031545,0.32965299684542587,mode,0.5965255441087375,0.5965255441087375,0.8047904191616768,0.8047904191616768,"median,mode",0.9881703470031545,0.32965299684542587,0.8047904191616768,1.641167192429022,2.2996845425867507,0.11736526946107782,0.4610778443113773,0.4610778443113773,0.24684542586750788,0.26419558359621453,1.641167192429022,2.2996845425867507,median,1.7112729892780025,1.7184542586750788,0.11736526946107781,0.11736526946107781
dpmlm_shap,{'epsilon': 10},0.038523509869214656,0.05018261061186923,0.01677879343995108,0.32965299684542587,2.1466876971608833,0.1971608832807571,2.730283911671924,0.27528661465983284,0.6214586578967631,0.9891888420541565,1268.0,127,126,127,0.0,0.007936507936507936,0.007874015748031496,1268,1268,1268.0,1268,1268.0,2536.0,1268,0.1971608832807571,0.9929022082018928,0.32965299684542587,mode,0.08666274263095235,0.08666274263095235,-0.19976218787158143,-0.19976218787158143,"median,mode",0.9929022082018928,0.32965299684542587,-0.19976218787158143,1.75,2.2996845425867507,1.7833572453371593,0.791797528732789,0.791797528732789,0.10962145110410094,0.2476340694006309,1.75,2.2996845425867507,median,2.7317282457194714,2.730283911671924,1.7833572453371593,1.7833572453371593,1268,1268,1268.0,1268,1268.0,2536.0,1268,0.32965299684542587,0.9881703470031545,0.32965299684542587,mode,0.0826413602214314,0.0826413602214314,0.0,0.0,"median,mode",0.9881703470031545,0.32965299684542587,0.0,1.641167192429022,2.2996845425867507,0.7676646706586827,0.38383233532934136,0.38383233532934136,0.10173501577287067,0.26419558359621453,1.641167192429022,2.2996845425867507,median,2.10437597788834,2.1466876971608833,0.7676646706586827,0.7676646706586827
dpmlm_shap,{'epsilon': 25},0.07067826776245678,0.07911592138729884,0.024140994363936526,0.4313880126182965,1.9621451104100947,0.3627760252365931,1.9526813880126184,0.22890477784988633,0.3824846026625731,0.9225784302859912,1268.0,127,126,127,0.007874015748031496,0.0,0.007874015748031496,1268,1268,1268.0,1268,1268.0,2536.0,1268,0.3627760252365931,0.9929022082018928,0.32965299684542587,mode,0.26841178352952605,0.26841178352952605,0.04994054696789538,0.04994054696789538,"median,mode",0.9929022082018928,0.32965299684542587,0.04994054696789538,1.75,2.2996845425867507,0.36872309899569605,0.20933182298179573,0.20933182298179573,0.19400630914826497,0.2476340694006309,1.75,2.2996845425867507,median,1.923657467290497,1.9526813880126184,0.36872309899569605,0.36872309899569605,1268,1268,1268.0,1268,1268.0,2536.0,1268,0.4313880126182965,0.9881703470031545,0.32965299684542587,mode,0.18318543830503745,0.18318543830503745,0.15449101796407186,0.15449101796407186,"median,mode",0.9881703470031545,0.32965299684542587,0.15449101796407186,1.641167192429022,2.2996845425867507,0.4874251497005989,0.3209580838323354,0.3209580838323354,0.1805993690851735,0.26419558359621453,1.641167192429022,2.2996845425867507,median,1.942318633699062,1.9621451104100947,0.48742514970059886,0.48742514970059886
dpmlm_shap,{'epsilon': 50},0.15043910314231035,0.20066487989768916,0.10386621481584257,0.5954258675078864,1.7665615141955835,0.5670347003154574,1.8951104100946372,0.1958670346330769,0.2815588343336191,0.8280767865945663,1268.0,127,126,127,0.06299212598425197,0.07142857142857142,0.10236220472440945,1268,1268,1268.0,1268,1268.0,2536.0,1268,0.5670347003154574,0.9929022082018928,0.32965299684542587,mode,0.4564387457249682,0.4564387457249682,0.35790725326991674,0.35790725326991674,"median,mode",0.9929022082018928,0.32965299684542587,0.35790725326991674,1.75,2.2996845425867507,0.26398852223816355,0.31094788775404014,0.31094788775404014,0.22082018927444794,0.2476340694006309,1.75,2.2996845425867507,median,1.8736477850759523,1.8951104100946372,0.26398852223816355,0.26398852223816355,1268,1268,1268.0,1268,1268.0,2536.0,1268,0.5954258675078864,0.9881703470031545,0.32965299684542587,mode,0.34039777826238743,0.34039777826238743,0.4035928143712575,0.4035928143712575,"median,mode",0.9881703470031545,0.32965299684542587,0.4035928143712575,1.641167192429022,2.2996845425867507,0.19041916167664658,0.297005988023952,0.297005988023952,0.20977917981072555,0.26419558359621453,1.641167192429022,2.2996845425867507,median,1.7487064536706236,1.7665615141955835,0.19041916167664658,0.19041916167664658
dpmlm_shap,{'epsilon': 100},0.22755600562646805,0.3014877666388239,0.1686963836894041,0.7626182965299685,1.9440063091482649,0.6837539432176656,1.975552050473186,0.17942965745173795,0.23762869901884617,0.7581167502081005,1268.0,127,126,127,0.11023622047244094,0.11904761904761904,0.2125984251968504,1268,1268,1268.0,1268,1268.0,2536.0,1268,0.6837539432176656,0.9929022082018928,0.32965299684542587,mode,0.5794286329744504,0.5794286329744504,0.5338882282996431,0.5338882282996431,"median,mode",0.9929022082018928,0.32965299684542587,0.5338882282996431,1.75,2.2996845425867507,0.41032998565279766,0.4721091069762204,0.4721091069762204,0.19637223974763407,0.2476340694006309,1.75,2.2996845425867507,median,1.9520294572735422,1.975552050473186,0.41032998565279766,0.41032998565279766,1268,1268,1268.0,1268,1268.0,2536.0,1268,0.7626182965299685,0.9881703470031545,0.32965299684542587,mode,0.5199542989944413,0.5199542989944413,0.6574850299401199,0.6574850299401199,"median,mode",0.9881703470031545,0.32965299684542587,0.6574850299401199,1.641167192429022,2.2996845425867507,0.45988023952095797,0.5586826347305389,0.5586826347305389,0.22476340694006308,0.26419558359621453,1.641167192429022,2.2996845425867507,median,1.9457000606931796,1.9440063091482649,0.45988023952095797,0.45988023952095797
dpmlm_shap,{'epsilon': 250},0.30738183448152095,0.3738375935235151,0.19909688531660202,0.8272870662460567,1.747634069400631,0.7586750788643533,1.97397476340694,0.1688222863978768,0.21017741277954932,0.7023511375839809,1268.0,127,126,127,0.1968503937007874,0.15079365079365079,0.2677165354330709,1268,1268,1268.0,1268,1268.0,2536.0,1268,0.7586750788643533,0.9929022082018928,0.32965299684542587,mode,0.639724456246408,0.639724456246408,0.646848989298454,0.646848989298454,"median,mode",0.9929022082018928,0.32965299684542587,0.646848989298454,1.75,2.2996845425867507,0.4074605451936872,0.5271547672460706,0.5271547672460706,0.20977917981072555,0.2476340694006309,1.75,2.2996845425867507,median,1.9527109438278478,1.97397476340694,0.4074605451936872,0.4074605451936872,1268,1268,1268.0,1268,1268.0,2536.0,1268,0.8272870662460567,0.9881703470031545,0.32965299684542587,mode,0.5746828660713951,0.5746828660713951,0.7556886227544911,0.7556886227544911,"median,mode",0.9881703470031545,0.32965299684542587,0.7556886227544911,1.641167192429022,2.2996845425867507,0.16167664670658685,0.45868263473053905,0.45868263473053905,0.25236593059936907,0.26419558359621453,1.641167192429022,2.2996845425867507,median,1.7626900242181425,1.747634069400631,0.16167664670658685,0.16167664670658685
