dataset,method,params,split,privacy_exact_mean_reciprocal_rank,privacy_exact_accuracy,privacy_full_mean_reciprocal_rank,privacy_full_accuracy,privacy_more_mean_reciprocal_rank,privacy_more_accuracy,utility_label_acc,utility_label_macro_f1,utility_label_f1,utility_utility_nominal_raw_acc,utility__utility_nominal_raw_count,pseudo_utility_label_acc,pseudo_utility_label_macro_f1,pseudo_utility_label_f1,pseudo_utility_utility_nominal_raw_acc,pseudo_utility__utility_nominal_raw_count,divergence_bertscore,divergence_cosine,runtime_avg_anon_time_s,utility_label_dummy_strategy,pseudo_utility_label_dummy_strategy,utility_label_baseline_acc,utility_label_baseline_macro_f1,utility_label_baseline_f1,utility_label_dummy_acc,pseudo_utility_label_baseline_acc,pseudo_utility_label_baseline_macro_f1,pseudo_utility_label_baseline_f1,pseudo_utility_label_dummy_acc,divergence_pp,runtime_anon_total_time_s,runtime_anon_texts_processed,runtime_bk_gen_total_time_s,runtime_deid_total_time_s,runtime_risk_total_time_s,runtime_train_total_time_s,runtime_real_anon_total_time_s
db_bio,baseline,{},,0.9745467224546723,0.9581589958158996,0.9862273361227336,0.9790794979079498,0.9968619246861925,0.99581589958159,0.9793303017775941,0.9794255899444719,0.9794255899444719,0.9793303017775941,2419.0,0.9731293923108723,0.9722031519983906,0.9722031519983906,0.9731293923108723,2419.0,0.0,0.0,0.0,,,,,,,,,,,,,,,,,,
db_bio,baseline,{},test,0.9745467224546723,0.9581589958158996,,,0.9968619246861925,0.99581589958159,,,,,,0.9731293923108723,0.9722031519983906,0.9722031519983906,0.9731293923108723,2419.0,0.0,0.0,0.0,,,,,,,,,,,,,,,,,,
db_bio,dummy,{},,0.02533794898808972,0.0041841004184100415,0.0034595005614934146,0.00041339396444811904,0.02533794898808972,0.0041841004184100415,0.054981397271599834,,,0.054981397271599834,2419.0,0.054981397271599834,,,0.054981397271599834,2419.0,1.0,1.0,,mode,mode,,,,,,,,,,,,,,,,
db_bio,dummy,{},test,0.02533794898808972,0.0041841004184100415,0.0034595005614934146,0.00041339396444811904,0.02533794898808972,0.0041841004184100415,,,,,,0.054981397271599834,,,0.054981397271599834,2419.0,1.0,1.0,,,mode,,,,,,,,,,,,,,,,
db_bio,presidio,{},,0.8300033611152599,0.7447698744769874,0.5411162162283775,0.4560669456066946,0.7343394339425978,0.6652719665271967,0.9727159983464242,0.9726548132090033,0.9726548132090033,0.9727159983464242,2419.0,0.972302604381976,0.972320986089157,0.972320986089157,0.972302604381976,2419.0,0.09998730250063294,0.24145139047260766,0.04459694088466308,mode,mode,0.9793303017775941,0.9794255899444719,0.9794255899444719,0.054981397271599834,0.9731293923108723,0.9722031519983906,0.9722031519983906,0.054981397271599834,0.0,107.88,2419.0,0.0,0.0,0.0,0.0,107.88
db_bio,presidio,{},test,0.8300033611152599,0.7447698744769874,,,0.7343394339425978,0.6652719665271967,,,,,,0.9832635983263598,0.9842998891274753,0.9842998891274753,0.9832635983263599,2419.0,,,,,mode,,,,,0.9731293923108723,0.9722031519983906,0.9722031519983906,0.054981397271599834,,,,,,,,
db_bio,spacy,{},,0.6271130766640833,0.5146443514644351,0.16488477692976408,0.12552301255230125,0.31925031065642484,0.2384937238493724,0.9677552707730467,0.9664856240104623,0.9664856240104623,0.9677552707730467,2419.0,0.9681686647374949,0.9674368624515898,0.9674368624515898,0.9681686647374949,2419.0,0.13664573822794202,0.33902952602304864,0.03268706076891277,mode,mode,0.9793303017775941,0.9794255899444719,0.9794255899444719,0.054981397271599834,0.9731293923108723,0.9722031519983906,0.9722031519983906,0.054981397271599834,0.0,79.07,2419.0,0.0,0.0,0.0,0.0,79.07
db_bio,dpbart,{'epsilon': 10},,0.023672320953295817,0.0041841004184100415,0.002887477424268231,0.0,0.02188197736031689,0.0,0.07341352136043136,0.0371094575723182,0.0371094575723182,0.07341352136043136,2419.0,0.04852758191621734,0.018730539952421858,0.018730539952421858,0.04852758191621734,2419.0,0.2885285934339861,0.755603827702593,1.6741794129805705,mode,mode,0.9793303017775941,0.9794255899444719,0.9794255899444719,0.054981397271599834,0.9731293923108723,0.9722031519983906,0.9722031519983906,0.054981397271599834,,4049.84,2419.0,0.0,0.0,0.0,0.0,4049.84
db_bio,dpbart,{'epsilon': 25},,0.023643785090776102,0.0041841004184100415,0.003341862091634532,0.0,0.03067613681480749,0.008368200836820083,0.07335267302113552,0.03756001178398757,0.03756001178398757,0.07335267302113552,2419.0,0.0534604227103191,0.019278078749142932,0.019278078749142932,0.053460422710319096,2419.0,0.2840794683787223,0.7370712468168057,1.6190615957007028,mode,mode,0.9793303017775941,0.9794255899444719,0.9794255899444719,0.054981397271599834,0.9731293923108723,0.9722031519983906,0.9722031519983906,0.054981397271599834,,3916.51,2419.0,0.0,0.0,0.0,0.0,3916.51
db_bio,dpbart,{'epsilon': 50},,0.034141646583719244,0.008368200836820083,0.005213326084333122,0.0,0.03942280957652216,0.012552301255230125,0.09283050145047658,0.04194540439540439,0.04194540439540439,0.09283050145047658,2419.0,0.08122668876916701,0.04648600592393872,0.04648600592393872,0.08122668876916701,2419.0,0.27242828094756705,0.6709825664436792,1.5112236461347666,mode,mode,0.9793303017775941,0.9794255899444719,0.9794255899444719,0.054981397271599834,0.9731293923108723,0.9722031519983906,0.9722031519983906,0.054981397271599834,,3655.65,2419.0,0.0,0.0,0.0,0.0,3655.65
db_bio,dpbart,{'epsilon': 100},,0.37017045404793625,0.23430962343096234,0.0962742661246229,0.04184100418410042,0.2841777413221839,0.18410041841004185,0.6654259718775848,0.596798979540616,0.596798979540616,0.6654259718775848,2419.0,0.7005789909015715,0.6810221652809071,0.6810221652809071,0.7005789909015715,2419.0,0.1917756258258157,0.4049707386084979,1.7736130632492766,mode,mode,0.9793303017775941,0.9794255899444719,0.9794255899444719,0.054981397271599834,0.9731293923108723,0.9722031519983906,0.9722031519983906,0.054981397271599834,,4290.37,2419.0,0.0,0.0,0.0,0.0,4290.37
db_bio,dpbart,{'epsilon': 250},,0.5532114681769755,0.42677824267782427,0.18531348286591245,0.09623430962343096,0.4654082944889868,0.34309623430962344,0.8478710210830922,0.8134370027418791,0.8134370027418791,0.8478710210830922,2419.0,0.8342290202563043,0.822463699520478,0.822463699520478,0.8342290202563043,2419.0,0.16820243923759698,0.34753054652075077,1.870644894584539,mode,mode,0.9793303017775941,0.9794255899444719,0.9794255899444719,0.054981397271599834,0.9731293923108723,0.9722031519983906,0.9722031519983906,0.054981397271599834,,4525.09,2419.0,0.0,0.0,0.0,0.0,4525.09
db_bio,dpparaphrase,{'epsilon': 10},,0.09756595264412943,0.0502092050209205,0.03222801447617545,0.012552301255230125,0.11841744401755686,0.058577405857740586,0.4774700289375775,0.4083921340467583,0.4083921340467583,0.4774700289375775,2419.0,0.49607275733774286,0.4667257662109952,0.4667257662109952,0.49607275733774286,2419.0,0.24874634363770534,0.5151887831927645,3.041161637040099,mode,mode,0.9793303017775941,0.9794255899444719,0.9794255899444719,0.054981397271599834,0.9731293923108723,0.9722031519983906,0.9722031519983906,0.054981397271599834,,7356.57,2419.0,0.0,0.0,0.0,0.0,7356.57
db_bio,dpparaphrase,{'epsilon': 25},,0.06982843120152696,0.029288702928870293,0.02038320172088346,0.0041841004184100415,0.11228130450152451,0.0502092050209205,0.40512608515915666,0.32583708702720254,0.32583708702720254,0.40512608515915666,2419.0,0.4915254237288136,0.46949847668592853,0.46949847668592853,0.4915254237288136,2419.0,0.24629604311312658,0.5112460666540556,2.9466267052501034,mode,mode,0.9793303017775941,0.9794255899444719,0.9794255899444719,0.054981397271599834,0.9731293923108723,0.9722031519983906,0.9722031519983906,0.054981397271599834,,7127.89,2419.0,0.0,0.0,0.0,0.0,7127.89
db_bio,dpparaphrase,{'epsilon': 50},,0.08069670397827762,0.03765690376569038,0.031864394415616955,0.012552301255230125,0.11103917306021623,0.06276150627615062,0.3815626291856139,0.3088132522171536,0.3088132522171536,0.3815626291856139,2419.0,0.5047540305911534,0.48451868941974424,0.48451868941974424,0.5047540305911534,2419.0,0.24210485585616018,0.5059363629061416,2.7338900372054566,mode,mode,0.9793303017775941,0.9794255899444719,0.9794255899444719,0.054981397271599834,0.9731293923108723,0.9722031519983906,0.9722031519983906,0.054981397271599834,,6613.28,2419.0,0.0,0.0,0.0,0.0,6613.28
db_bio,dpparaphrase,{'epsilon': 100},,0.08330526393186334,0.03347280334728033,0.03377581531209293,0.012552301255230125,0.12031190313502697,0.058577405857740586,0.5560148821827201,0.4951572694991359,0.4951572694991359,0.5560148821827201,2419.0,0.5436130632492766,0.5233012456511014,0.5233012456511014,0.5436130632492766,2419.0,0.23210954698169955,0.4908567545123155,3.05011988424969,mode,mode,0.9793303017775941,0.9794255899444719,0.9794255899444719,0.054981397271599834,0.9731293923108723,0.9722031519983906,0.9722031519983906,0.054981397271599834,,7378.24,2419.0,0.0,0.0,0.0,0.0,7378.24
db_bio,dpparaphrase,{'epsilon': 250},,0.09005784497753767,0.02510460251046025,0.06281206733526296,0.03347280334728033,0.15968946732313508,0.100418410041841,0.5934656741108354,0.5295000926221536,0.5295000926221536,0.5934656741108354,2419.0,0.5698924731182796,0.5606565110840741,0.5606565110840741,0.5698924731182796,2419.0,0.23252397240736547,0.5267921535951463,3.108859032658123,mode,mode,0.9793303017775941,0.9794255899444719,0.9794255899444719,0.054981397271599834,0.9731293923108723,0.9722031519983906,0.9722031519983906,0.054981397271599834,,7520.33,2419.0,0.0,0.0,0.0,0.0,7520.33
db_bio,dpprompt,{'epsilon': 10},,0.02366362092661947,0.0,0.004646802274646134,0.0,0.02943992240709037,0.008368200836820083,0.06868018204385602,0.018531882647681644,0.018531882647681644,0.06868018204385602,2419.0,0.04840711625982623,0.018894121891410945,0.018894121891410945,0.04840711625982623,2419.0,0.28673093803273186,0.8153455363103737,4.182108309218686,mode,mode,0.9793303017775941,0.9794255899444719,0.9794255899444719,0.054981397271599834,0.9731293923108723,0.9722031519983906,0.9722031519983906,0.054981397271599834,,10116.52,2419.0,0.0,0.0,0.0,0.0,10116.52
db_bio,dpprompt,{'epsilon': 25},,0.032131087279384116,0.008368200836820083,0.0034246384409010702,0.0,0.02951482114573004,0.0041841004184100415,0.06229235880398671,0.027888464699629956,0.027888464699629956,0.0622923588039867,2419.0,0.0739202657807309,0.044030902206991324,0.044030902206991324,0.0739202657807309,2419.0,0.2753855478872492,0.7207179572092883,3.896672178586192,mode,mode,0.9793303017775941,0.9794255899444719,0.9794255899444719,0.054981397271599834,0.9731293923108723,0.9722031519983906,0.9722031519983906,0.054981397271599834,,9426.05,2419.0,0.0,0.0,0.0,0.0,9426.05
db_bio,dpprompt,{'epsilon': 50},,0.5942359546600073,0.497907949790795,0.5758121331286365,0.5355648535564853,0.6945367581545258,0.6443514644351465,0.7012448132780082,0.6690118885942361,0.6690118885942361,0.7012448132780082,2419.0,0.7427385892116183,0.7437764946116792,0.7437764946116792,0.7427385892116183,2419.0,0.15286220967522302,0.41807924363669396,0.5804836709384044,mode,mode,0.9793303017775941,0.9794255899444719,0.9794255899444719,0.054981397271599834,0.9731293923108723,0.9722031519983906,0.9722031519983906,0.054981397271599834,,1404.19,2419.0,0.0,0.0,0.0,0.0,1404.19
db_bio,dpprompt,{'epsilon': 100},,0.696420993480082,0.6108786610878661,0.7339253339545029,0.6903765690376569,0.8466099160536136,0.8075313807531381,0.8267162944582299,0.8043068257815024,0.8043068257815024,0.8267162944582299,2419.0,0.835814722911497,0.8307462706474502,0.8307462706474502,0.835814722911497,2419.0,0.1289466789579273,0.36057265950475664,0.6418561389003721,mode,mode,0.9793303017775941,0.9794255899444719,0.9794255899444719,0.054981397271599834,0.9731293923108723,0.9722031519983906,0.9722031519983906,0.054981397271599834,,1552.65,2419.0,0.0,0.0,0.0,0.0,1552.65
db_bio,dpprompt,{'epsilon': 250},,0.7593600230784714,0.6778242677824268,0.7755620393431099,0.7238493723849372,0.8901726345590113,0.8661087866108786,0.844435250310302,0.8249336324938356,0.8249336324938356,0.844435250310302,2419.0,0.8568473314025652,0.8507436371814286,0.8507436371814286,0.8568473314025652,2419.0,0.12635181090236944,0.35070473857433604,0.6072881355932204,mode,mode,0.9793303017775941,0.9794255899444719,0.9794255899444719,0.054981397271599834,0.9731293923108723,0.9722031519983906,0.9722031519983906,0.054981397271599834,,1469.03,2419.0,0.0,0.0,0.0,0.0,1469.03
db_bio,dpmlm_uniform,{'epsilon': 10},,0.029029153263360034,0.0041841004184100415,0.005020391643341412,0.0,0.03326010015457465,0.008368200836820083,0.10334849111202976,0.04200795565194378,0.04200795565194378,0.10334849111202976,2419.0,0.1128565522943365,0.08233385331768539,0.08233385331768539,0.1128565522943365,2419.0,0.27404353888678423,0.5811321668391535,9.201711451012814,mode,mode,0.9793303017775941,0.9794255899444719,0.9794255899444719,0.054981397271599834,0.9731293923108723,0.9722031519983906,0.9722031519983906,0.054981397271599834,0.9999932781469195,22258.94,2419.0,0.0,0.0,0.0,0.0,22258.94
db_bio,dpmlm_uniform,{'epsilon': 10},test,,,,,,,,,,,,,,,,,,,,,,,,,,,,,,1.0,,,,,,,
db_bio,dpmlm_uniform,{'epsilon': 25},,0.19232247874954025,0.100418410041841,0.1495576058574832,0.08368200836820083,0.3550056892587794,0.24686192468619247,0.7933030177759405,0.7329511061499662,0.7329511061499662,0.7933030177759405,2419.0,0.7941298057048367,0.7735166302119275,0.7735166302119275,0.7941298057048367,2419.0,0.20542802784550332,0.34744179388026947,12.30463001240182,mode,mode,0.9793303017775941,0.9794255899444719,0.9794255899444719,0.054981397271599834,0.9731293923108723,0.9722031519983906,0.9722031519983906,0.054981397271599834,0.9881309637185363,29764.9,2419.0,0.0,0.0,0.0,0.0,29764.9
db_bio,dpmlm_uniform,{'epsilon': 25},test,,,,,,,,,,,,,,,,,,,,,,,,,,,,,,0.9868206354854013,,,,,,,
db_bio,dpmlm_uniform,{'epsilon': 50},,0.6638173477933211,0.5397489539748954,0.5076852984480246,0.38493723849372385,0.758696502501193,0.6443514644351465,0.9024390243902439,0.8561698496150738,0.8561698496150738,0.9024390243902439,2419.0,0.9119470855725507,0.9014381412109769,0.9014381412109769,0.9119470855725507,2419.0,0.1549118464275942,0.24507996819392863,4.15087639520463,mode,mode,0.9793303017775941,0.9794255899444719,0.9794255899444719,0.054981397271599834,0.9731293923108723,0.9722031519983906,0.9722031519983906,0.054981397271599834,0.8652713257021751,10040.97,2419.0,0.0,0.0,0.0,0.0,10040.97
db_bio,dpmlm_uniform,{'epsilon': 50},test,,,,,,,,,,,,,,,,,,,,,,,,,,,,,,0.8618110169789924,,,,,,,
db_bio,dpmlm_uniform,{'epsilon': 100},,0.7274615261539948,0.606694560669456,0.552127683375,0.4435146443514644,0.7830098158341999,0.6778242677824268,0.909466721785862,0.8784111762350945,0.8784111762350945,0.909466721785862,2419.0,0.920214964861513,0.9053267469596623,0.9053267469596623,0.920214964861513,2419.0,0.14347023964421027,0.2286609530867797,5.18430756510955,mode,mode,0.9793303017775941,0.9794255899444719,0.9794255899444719,0.054981397271599834,0.9731293923108723,0.9722031519983906,0.9722031519983906,0.054981397271599834,0.8107521990457613,12540.84,2419.0,0.0,0.0,0.0,0.0,12540.84
db_bio,dpmlm_uniform,{'epsilon': 100},test,,,,,,,,,,,,,,,,,,,,,,,,,,,,,,0.8101518386431866,,,,,,,
db_bio,dpmlm_uniform,{'epsilon': 250},,0.7572422979719227,0.6485355648535565,0.5725586454921191,0.4602510460251046,0.8264149195271195,0.7364016736401674,0.9127738735014469,0.8794009924379865,0.8794009924379865,0.9127738735014469,2419.0,0.9231087226126499,0.9089522305551699,0.9089522305551699,0.9231087226126499,2419.0,0.13901969419623664,0.223345041348945,10.102178586192641,mode,mode,0.9793303017775941,0.9794255899444719,0.9794255899444719,0.054981397271599834,0.9731293923108723,0.9722031519983906,0.9722031519983906,0.054981397271599834,0.7840893541333298,24437.17,2419.0,0.0,0.0,0.0,0.0,24437.17
db_bio,dpmlm_uniform,{'epsilon': 250},test,,,,,,,,,,,,,,,,,,,,,,,,,,,,,,0.781480631640399,,,,,,,
db_bio,dpmlm_shap,{'epsilon': 10},,0.03259140365069447,0.008368200836820083,0.00404572191446596,0.0,0.03419663938879543,0.012552301255230125,0.13724679619677552,0.06221564348298266,0.06221564348298266,0.13724679619677552,2419.0,0.14055394791236048,0.1272603218717894,0.1272603218717894,0.14055394791236048,2419.0,0.2736068256091559,0.653833969787638,9.426324927656056,mode,mode,0.9793303017775941,0.9794255899444719,0.9794255899444719,0.054981397271599834,0.9731293923108723,0.9722031519983906,0.9722031519983906,0.054981397271599834,0.8607534260946916,16037.4,2419.0,13902.0,107.88,6657.0,88.9098,22802.28
db_bio,dpmlm_shap,{'epsilon': 10},test,,,,,,,,,,,,,,,,,,,,,,,,,,,,,,0.8586671414000246,,,,,,,
db_bio,dpmlm_shap,"{'epsilon': 10, 'k': 2}",,0.7464646248858876,0.6317991631799164,0.26020905832182023,0.0,0.6801088435195387,0.5732217573221757,0.9553534518396032,0.9498706439468795,0.9498706439468795,0.9553534518396032,2419.0,0.9623811492352211,0.96214785117142,0.96214785117142,0.9623811492352211,2419.0,0.11399979278931888,0.2727708359452603,3.447268526150624,mode,mode,0.9793303017775941,0.9794255899444719,0.9794255899444719,0.054981397271599834,0.9731293923108723,0.9722031519983906,0.9722031519983906,0.054981397271599834,0.05713427127168954,4018.5,2419.0,28677.0,107.88,6657.0,177.26870000000002,8338.94256475836
db_bio,dpmlm_shap,"{'epsilon': 10, 'k': 2}",test,0.42960730203719244,0.012552301255230125,,,0.5080123526249483,0.4100418410041841,,,,,,0.9372384937238494,0.935756241307712,0.935756241307712,0.9372384937238494,2419.0,,,,,mode,,,,,0.9731293923108723,0.9722031519983906,0.9722031519983906,0.054981397271599834,0.05642720119849016,,,,,,,
db_bio,dpmlm_shap,"{'epsilon': 10, 'k': 3}",,0.7119252801242827,0.5941422594142259,0.1808982843973183,0.0,0.6360173004740208,0.49372384937238495,0.9561802397684994,0.9547777827725655,0.9547777827725655,0.9561802397684994,2419.0,0.9565936337329475,0.9564946602156074,0.9564946602156074,0.9565936337329475,2419.0,0.1188087878319881,0.2836498999063414,3.690210458780756,mode,mode,0.9793303017775941,0.9794255899444719,0.9794255899444719,0.054981397271599834,0.9731293923108723,0.9722031519983906,0.9722031519983906,0.054981397271599834,0.07846536148645225,4018.5,2419.0,28677.0,107.88,6657.0,177.26870000000002,8926.619099790649
db_bio,dpmlm_shap,"{'epsilon': 10, 'k': 3}",test,0.283653728031687,0.0041841004184100415,,,0.4344679884240475,0.3472803347280335,,,,,,0.9205020920502092,0.915784965307024,0.915784965307024,0.920502092050209,2419.0,,,,,mode,,,,,0.9731293923108723,0.9722031519983906,0.9722031519983906,0.054981397271599834,0.08349405224171051,,,,,,,
db_bio,dpmlm_shap,"{'epsilon': 10, 'k': 5}",,0.6781650335650741,0.5606694560669456,0.10862795438469508,0.0,0.5680532383287773,0.3891213389121339,0.95824720959074,0.9570309833346968,0.9570309833346968,0.95824720959074,2419.0,0.9528730880529144,0.9526787482308863,0.9526787482308863,0.9528730880529144,2419.0,0.12436139494882925,0.29652533084831734,3.977815296958156,mode,mode,0.9793303017775941,0.9794255899444719,0.9794255899444719,0.054981397271599834,0.9731293923108723,0.9722031519983906,0.9722031519983906,0.054981397271599834,0.10371799977308559,4018.5,2419.0,28677.0,107.88,6657.0,177.26870000000002,9622.33520334178
db_bio,dpmlm_shap,"{'epsilon': 10, 'k': 5}",test,0.17635509918494077,0.0041841004184100415,,,0.36707112068033515,0.28870292887029286,,,,,,0.8828451882845189,0.8858870966663067,0.8858870966663067,0.882845188284519,2419.0,,,,,mode,,,,,0.9731293923108723,0.9722031519983906,0.9722031519983906,0.054981397271599834,0.11197381263239131,,,,,,,
db_bio,dpmlm_shap,"{'epsilon': 10, 'k': 7}",,0.6553458854913616,0.5355648535564853,0.08187391473390872,0.0,0.5185730811080344,0.3179916317991632,0.9520463001240181,0.9492810006638156,0.9492810006638156,0.9520463001240181,2419.0,0.9495659363373294,0.9492395467406688,0.9492395467406688,0.9495659363373294,2419.0,0.12782875387172848,0.3046770037797523,4.156089110649274,mode,mode,0.9793303017775941,0.9794255899444719,0.9794255899444719,0.054981397271599834,0.9731293923108723,0.9722031519983906,0.9722031519983906,0.054981397271599834,0.11937101924817387,4018.5,2419.0,28677.0,107.88,6657.0,177.26870000000002,10053.579558660595
db_bio,dpmlm_shap,"{'epsilon': 10, 'k': 7}",test,0.12757399350745255,0.0041841004184100415,,,0.3297682088159439,0.24686192468619247,,,,,,0.8786610878661087,0.8819282742645017,0.8819282742645017,0.8786610878661086,2419.0,,,,,mode,,,,,0.9731293923108723,0.9722031519983906,0.9722031519983906,0.054981397271599834,0.13012793522793906,,,,,,,
db_bio,dpmlm_shap,"{'epsilon': 10, 'k': 10}",,0.6260472614675158,0.502092050209205,0.0590355976779941,0.0,0.43325711886934004,0.20502092050209206,0.9462587846217445,0.9394838022643964,0.9394838022643964,0.9462587846217445,2419.0,0.9429516329061596,0.9428382107850588,0.9428382107850588,0.9429516329061596,2419.0,0.13184096215430643,0.3138488984923562,4.36704417114685,mode,mode,0.9793303017775941,0.9794255899444719,0.9794255899444719,0.054981397271599834,0.9731293923108723,0.9722031519983906,0.9722031519983906,0.054981397271599834,0.13789355826816857,4018.5,2419.0,28677.0,107.88,6657.0,177.26870000000002,10563.879850004232
db_bio,dpmlm_shap,"{'epsilon': 10, 'k': 10}",test,0.09336847930744405,0.0041841004184100415,,,0.2828315865016893,0.19665271966527198,,,,,,0.8661087866108786,0.8634786047861537,0.8634786047861537,0.8661087866108786,2419.0,,,,,mode,,,,,0.9731293923108723,0.9722031519983906,0.9722031519983906,0.054981397271599834,0.14586082805452547,,,,,,,
db_bio,dpmlm_shap,"{'epsilon': 10, 'rho': 0.9}",,0.7299307418311105,0.6192468619246861,0.3101025056321503,0.22594142259414227,0.5396354304195631,0.4393305439330544,0.9450186027284002,0.9336333015566036,0.9336333015566036,0.9450186027284002,2419.0,0.9673418768085986,0.9660887130329416,0.9660887130329416,0.9673418768085986,2419.0,0.12067983095288129,0.2899763926758949,3.4064225249351083,mode,mode,0.9793303017775941,0.9794255899444719,0.9794255899444719,0.054981397271599834,0.9731293923108723,0.9722031519983906,0.9722031519983906,0.054981397271599834,0.07066039558127782,16164.25,2419.0,13902.0,107.88,6657.0,88.9098,8240.136087818028
db_bio,dpmlm_shap,"{'epsilon': 10, 'rho': 0.9}",test,,,,,,,,,,,,,,,,,,,,,,,,,,,,,,0.07077345737913324,,,,,,,
db_bio,dpmlm_shap,"{'epsilon': 10, 'rho': 0.8}",,0.5988630095718729,0.47280334728033474,0.21822004026922703,0.1506276150627615,0.4185610084271242,0.3263598326359833,0.944605208763952,0.9370531372100498,0.9370531372100498,0.944605208763952,2419.0,0.9561802397684994,0.9551422468929841,0.9551422468929841,0.9561802397684994,2419.0,0.13813584739879026,0.332053714519988,4.132079188091753,mode,mode,0.9793303017775941,0.9794255899444719,0.9794255899444719,0.054981397271599834,0.9731293923108723,0.9722031519983906,0.9722031519983906,0.054981397271599834,0.15473710475364094,16164.25,2419.0,13902.0,107.88,6657.0,88.9098,9995.49955599395
db_bio,dpmlm_shap,"{'epsilon': 10, 'rho': 0.8}",test,,,,,,,,,,,,,,,,,,,,,,,,,,,,,,0.1544226637780927,,,,,,,
db_bio,dpmlm_shap,"{'epsilon': 10, 'rho': 0.7}",,0.47429113370351705,0.3514644351464435,0.1587618112230624,0.10460251046025104,0.3455342059478122,0.2594142259414226,0.927242662257131,0.9135223781929254,0.9135223781929254,0.927242662257131,2419.0,0.9404712691194709,0.9396041945692039,0.9396041945692039,0.9404712691194709,2419.0,0.15391584953625076,0.3674784599194698,4.883664064930824,mode,mode,0.9793303017775941,0.9794255899444719,0.9794255899444719,0.054981397271599834,0.9731293923108723,0.9722031519983906,0.9722031519983906,0.054981397271599834,0.24181793280455652,16164.25,2419.0,13902.0,107.88,6657.0,88.9098,11813.583373067662
db_bio,dpmlm_shap,"{'epsilon': 10, 'rho': 0.7}",test,,,,,,,,,,,,,,,,,,,,,,,,,,,,,,0.24099838848998809,,,,,,,
db_bio,dpmlm_shap,"{'epsilon': 10, 'rho': 0.6}",,0.38268094996175667,0.28870292887029286,0.09339689942306142,0.04602510460251046,0.2675238205661823,0.1799163179916318,0.9247622984704423,0.9114969913594235,0.9114969913594235,0.9247622984704423,2419.0,0.9148408433236874,0.9128635103240862,0.9128635103240862,0.9148408433236874,2419.0,0.16968838332752986,0.40122359782863914,5.644133561423806,mode,mode,0.9793303017775941,0.9794255899444719,0.9794255899444719,0.054981397271599834,0.9731293923108723,0.9722031519983906,0.9722031519983906,0.054981397271599834,0.3299281589450584,16164.25,2419.0,13902.0,107.88,6657.0,88.9098,13653.159085084188
db_bio,dpmlm_shap,"{'epsilon': 10, 'rho': 0.6}",test,,,,,,,,,,,,,,,,,,,,,,,,,,,,,,0.3285031972538227,,,,,,,
db_bio,dpmlm_shap,"{'epsilon': 10, 'rho': 0.5}",,0.27922091445207226,0.18410041841004185,0.07226780829710794,0.03765690376569038,0.19573231005210098,0.11715481171548117,0.8945845390657297,0.8730906337788622,0.8730906337788622,0.8945845390657297,2419.0,0.8730880529144275,0.8725761401861115,0.8725761401861115,0.8730880529144275,2419.0,0.1859925820493363,0.43603338639368544,6.40759840768685,mode,mode,0.9793303017775941,0.9794255899444719,0.9794255899444719,0.054981397271599834,0.9731293923108723,0.9722031519983906,0.9722031519983906,0.054981397271599834,0.4183854350945706,16164.25,2419.0,13902.0,107.88,6657.0,88.9098,15499.98054819449
db_bio,dpmlm_shap,"{'epsilon': 10, 'rho': 0.5}",test,,,,,,,,,,,,,,,,,,,,,,,,,,,,,,0.41686085536762096,,,,,,,
db_bio,dpmlm_shap,"{'epsilon': 10, 'rho': 0.4}",,0.18903183551954822,0.09623430962343096,0.05234576616883068,0.02510460251046025,0.15441663456023388,0.08786610878661087,0.8524183546920215,0.8176213015247984,0.8176213015247984,0.8524183546920215,2419.0,0.8210004133939645,0.8194040456973747,0.8194040456973747,0.8210004133939645,2419.0,0.20298981154048773,0.47292273713690824,7.1725863727665295,mode,mode,0.9793303017775941,0.9794255899444719,0.9794255899444719,0.054981397271599834,0.9731293923108723,0.9722031519983906,0.9722031519983906,0.054981397271599834,0.5070191842571248,16164.25,2419.0,13902.0,107.88,6657.0,88.9098,17350.486435722236
db_bio,dpmlm_shap,"{'epsilon': 10, 'rho': 0.4}",test,,,,,,,,,,,,,,,,,,,,,,,,,,,,,,0.5059590445397093,,,,,,,
db_bio,dpmlm_shap,"{'epsilon': 10, 'rho': 0.3}",,0.12774446395935377,0.04602510460251046,0.04694084704418291,0.02510460251046025,0.12143352310639782,0.06694560669456066,0.8114923522116577,0.7676369631946459,0.7676369631946459,0.8114923522116577,2419.0,0.7577511368334022,0.758932152484587,0.758932152484587,0.7577511368334022,2419.0,0.2203607040281481,0.5141136138990626,7.940779928805516,mode,mode,0.9793303017775941,0.9794255899444719,0.9794255899444719,0.054981397271599834,0.9731293923108723,0.9722031519983906,0.9722031519983906,0.054981397271599834,0.5960243425894629,16164.25,2419.0,13902.0,107.88,6657.0,88.9098,19208.746647780543
db_bio,dpmlm_shap,"{'epsilon': 10, 'rho': 0.3}",test,,,,,,,,,,,,,,,,,,,,,,,,,,,,,,0.5940372349120769,,,,,,,
db_bio,dpmlm_shap,"{'epsilon': 10, 'rho': 0.2}",,0.07217700577661337,0.016736401673640166,0.027552485453562026,0.008368200836820083,0.0887503060498718,0.04184100418410042,0.69450186027284,0.6335946437782102,0.6335946437782102,0.69450186027284,2419.0,0.6411740388590327,0.655083468324556,0.655083468324556,0.6411740388590327,2419.0,0.23832862943398553,0.5581138178324246,8.709364313519952,mode,mode,0.9793303017775941,0.9794255899444719,0.9794255899444719,0.054981397271599834,0.9731293923108723,0.9722031519983906,0.9722031519983906,0.054981397271599834,0.6850747834783466,16164.25,2419.0,13902.0,107.88,6657.0,88.9098,21067.952274404764
db_bio,dpmlm_shap,"{'epsilon': 10, 'rho': 0.2}",test,,,,,,,,,,,,,,,,,,,,,,,,,,,,,,0.682509412478263,,,,,,,
db_bio,dpmlm_shap,"{'epsilon': 10, 'rho': 0.1}",,0.048911777449314256,0.012552301255230125,0.010606380296903146,0.0,0.05553295474683945,0.016736401673640166,0.5489871847871021,0.47623467881537856,0.47623467881537856,0.5489871847871021,2419.0,0.4555601488218272,0.4870292023684546,0.4870292023684546,0.4555601488218272,2419.0,0.25698318371550016,0.60796066908664,9.478763952046299,mode,mode,0.9793303017775941,0.9794255899444719,0.9794255899444719,0.054981397271599834,0.9731293923108723,0.9722031519983906,0.9722031519983906,0.054981397271599834,0.7742196820648245,16164.25,2419.0,13902.0,107.88,6657.0,88.9098,22929.129999999997
db_bio,dpmlm_shap,"{'epsilon': 10, 'rho': 0.1}",test,,,,,,,,,,,,,,,,,,,,,,,,,,,,,,0.7714957665866194,,,,,,,
db_bio,dpmlm_shap,{'epsilon': 25},,0.07893207338876125,0.03347280334728033,0.027938160930760757,0.016736401673640166,0.09992423395274419,0.04602510460251046,0.6998759818106656,0.6344072467714141,0.6344072467714141,0.6998759818106656,2419.0,0.6105828854898718,0.600673876465473,0.600673876465473,0.6105828854898718,2419.0,0.23907516230823286,0.5120057593037788,5.595985944605209,mode,mode,0.9793303017775941,0.9794255899444719,0.9794255899444719,0.054981397271599834,0.9731293923108723,0.9722031519983906,0.9722031519983906,0.054981397271599834,0.8037022129910883,6771.81,2419.0,13902.0,107.88,6657.0,88.9098,13536.69
db_bio,dpmlm_shap,{'epsilon': 25},test,,,,,,,,,,,,,,,,,,,,,,,,,,,,,,0.8055003290964805,,,,,,,
db_bio,dpmlm_shap,"{'epsilon': 25, 'k': 2}",,0.7485078348273361,0.6443514644351465,0.2489015055112012,0.0041841004184100415,0.6825196823320511,0.5815899581589958,0.9627945431996693,0.9612380932864729,0.9612380932864729,0.9627945431996693,2419.0,0.9648615130219099,0.9645972622086262,0.9645972622086262,0.9648615130219099,2419.0,0.11369156852247499,0.27078337715449735,3.3975978293415623,mode,mode,0.9793303017775941,0.9794255899444719,0.9794255899444719,0.054981397271599834,0.9731293923108723,0.9722031519983906,0.9722031519983906,0.054981397271599834,0.05993512152021798,3939.93,2419.0,28677.0,107.88,6657.0,177.26870000000002,8218.789149177239
db_bio,dpmlm_shap,"{'epsilon': 25, 'k': 2}",test,0.4473086536352628,0.02092050209205021,,,0.5340501567482392,0.4476987447698745,,,,,,0.9456066945606695,0.9422965297230004,0.9422965297230004,0.9456066945606696,2419.0,,,,,mode,,,,,0.9731293923108723,0.9722031519983906,0.9722031519983906,0.054981397271599834,0.06573546436530707,,,,,,,
db_bio,dpmlm_shap,"{'epsilon': 25, 'k': 3}",,0.7193197383200688,0.6108786610878661,0.17486058355606934,0.0041841004184100415,0.6350618403135397,0.502092050209205,0.9570070276973957,0.9532414265575379,0.9532414265575379,0.9570070276973957,2419.0,0.9611409673418768,0.9606694081989887,0.9606694081989887,0.9611409673418768,2419.0,0.11842317781255185,0.2808044654813469,3.6284231396673614,mode,mode,0.9793303017775941,0.9794255899444719,0.9794255899444719,0.054981397271599834,0.9731293923108723,0.9722031519983906,0.9722031519983906,0.054981397271599834,0.08295290058486265,3939.93,2419.0,28677.0,107.88,6657.0,177.26870000000002,8777.155574855347
db_bio,dpmlm_shap,"{'epsilon': 25, 'k': 3}",test,0.31362869629667894,0.03347280334728033,,,0.4609013929794589,0.3682008368200837,,,,,,0.9372384937238494,0.9321515458035066,0.9321515458035066,0.9372384937238494,2419.0,,,,,mode,,,,,0.9731293923108723,0.9722031519983906,0.9722031519983906,0.054981397271599834,0.0937844967834033,,,,,,,
db_bio,dpmlm_shap,"{'epsilon': 25, 'k': 5}",,0.6833269074446341,0.5732217573221757,0.11911198751292111,0.008368200836820083,0.5712744248001829,0.39748953974895396,0.9615543613063249,0.9592566168528921,0.9592566168528921,0.9615543613063249,2419.0,0.954940057875155,0.9536275310684533,0.9536275310684533,0.954940057875155,2419.0,0.12422578363883786,0.2931499187859586,3.914942880259459,mode,mode,0.9793303017775941,0.9794255899444719,0.9794255899444719,0.054981397271599834,0.9731293923108723,0.9722031519983906,0.9722031519983906,0.054981397271599834,0.11152449906901335,3939.93,2419.0,28677.0,107.88,6657.0,177.26870000000002,9470.246827347632
db_bio,dpmlm_shap,"{'epsilon': 25, 'k': 5}",test,0.206898236844954,0.03765690376569038,,,0.37947334280156947,0.28870292887029286,,,,,,0.9163179916317992,0.9087604307457249,0.9087604307457249,0.9163179916317992,2419.0,,,,,mode,,,,,0.9731293923108723,0.9722031519983906,0.9722031519983906,0.054981397271599834,0.12242788664293494,,,,,,,
db_bio,dpmlm_shap,"{'epsilon': 25, 'k': 7}",,0.6457155088154907,0.5271966527196653,0.09081378102339123,0.008368200836820083,0.5279689854696388,0.33472803347280333,0.9470855725506407,0.937546797733809,0.937546797733809,0.9470855725506407,2419.0,0.9499793303017776,0.9491952904823832,0.9491952904823832,0.9499793303017776,2419.0,0.1282411155103405,0.3013194583821464,4.126609743326983,mode,mode,0.9793303017775941,0.9794255899444719,0.9794255899444719,0.054981397271599834,0.9731293923108723,0.9722031519983906,0.9722031519983906,0.054981397271599834,0.13263180780616143,3939.93,2419.0,28677.0,107.88,6657.0,177.26870000000002,9982.268969107972
db_bio,dpmlm_shap,"{'epsilon': 25, 'k': 7}",test,0.16210513264312904,0.03765690376569038,,,0.3359864532241714,0.24267782426778242,,,,,,0.8828451882845189,0.8791408905137761,0.8791408905137761,0.882845188284519,2419.0,,,,,mode,,,,,0.9731293923108723,0.9722031519983906,0.9722031519983906,0.054981397271599834,0.14291592003661457,,,,,,,
db_bio,dpmlm_shap,"{'epsilon': 25, 'k': 10}",,0.620741458533072,0.497907949790795,0.07387386216334349,0.012552301255230125,0.46517469777995374,0.24686192468619247,0.9363373294749897,0.9268168867054545,0.9268168867054545,0.9363373294749897,2419.0,0.944605208763952,0.9425459113759418,0.9425459113759418,0.944605208763952,2419.0,0.13235764291080476,0.30956024367634843,4.345352011836236,mode,mode,0.9793303017775941,0.9794255899444719,0.9794255899444719,0.054981397271599834,0.9731293923108723,0.9722031519983906,0.9722031519983906,0.054981397271599834,0.15444467226863548,3939.93,2419.0,28677.0,107.88,6657.0,177.26870000000002,10511.406516631856
db_bio,dpmlm_shap,"{'epsilon': 25, 'k': 10}",test,0.13381097750547602,0.04184100418410042,,,0.29186911858550907,0.19665271966527198,,,,,,0.8744769874476988,0.874009044106186,0.874009044106186,0.8744769874476988,2419.0,,,,,mode,,,,,0.9731293923108723,0.9722031519983906,0.9722031519983906,0.054981397271599834,0.16241742715821222,,,,,,,
db_bio,dpmlm_shap,"{'epsilon': 25, 'rho': 0.9}",,0.7452172714510469,0.6443514644351465,0.33876459280283183,0.26778242677824265,0.5451951620782204,0.45188284518828453,0.9553534518396032,0.9506226756785505,0.9506226756785505,0.9553534518396032,2419.0,0.9656883009508062,0.9651383169877272,0.9651383169877272,0.9656883009508062,2419.0,0.12039217942999926,0.2898708604593423,3.5446735148739483,mode,mode,0.9793303017775941,0.9794255899444719,0.9794255899444719,0.054981397271599834,0.9731293923108723,0.9722031519983906,0.9722031519983906,0.054981397271599834,0.07051288430348071,18765.48,2419.0,13902.0,107.88,6657.0,88.9098,8574.565232480081
db_bio,dpmlm_shap,"{'epsilon': 25, 'rho': 0.9}",test,,,,,,,,,,,,,,,,,,,,,,,,,,,,,,0.070639935761068,,,,,,,
db_bio,dpmlm_shap,"{'epsilon': 25, 'rho': 0.8}",,0.6215975070975319,0.5062761506276151,0.23437403699442044,0.17154811715481172,0.430998410773599,0.3305439330543933,0.9417114510128152,0.9323010661571786,0.9323010661571786,0.9417114510128152,2419.0,0.9561802397684994,0.9548358505525784,0.9548358505525784,0.9561802397684994,2419.0,0.13680521813046098,0.32674260470136823,4.42888462574675,mode,mode,0.9793303017775941,0.9794255899444719,0.9794255899444719,0.054981397271599834,0.9731293923108723,0.9722031519983906,0.9722031519983906,0.054981397271599834,0.15385360917569857,18765.48,2419.0,13902.0,107.88,6657.0,88.9098,10713.471909681388
db_bio,dpmlm_shap,"{'epsilon': 25, 'rho': 0.8}",test,,,,,,,,,,,,,,,,,,,,,,,,,,,,,,0.1537502919364131,,,,,,,
db_bio,dpmlm_shap,"{'epsilon': 25, 'rho': 0.7}",,0.5228665222231779,0.39748953974895396,0.1727500199279086,0.1087866108786611,0.3500803159105182,0.2594142259414226,0.9330301777594047,0.9223928529466775,0.9223928529466775,0.9330301777594047,2419.0,0.9487391484084332,0.9474518074820782,0.9474518074820782,0.9487391484084332,2419.0,0.15099888983320825,0.3564848778734724,5.336162546355568,mode,mode,0.9793303017775941,0.9794255899444719,0.9794255899444719,0.054981397271599834,0.9731293923108723,0.9722031519983906,0.9722031519983906,0.054981397271599834,0.23936848071973507,18765.48,2419.0,13902.0,107.88,6657.0,88.9098,12908.177199634118
db_bio,dpmlm_shap,"{'epsilon': 25, 'rho': 0.7}",test,,,,,,,,,,,,,,,,,,,,,,,,,,,,,,0.2386845271332462,,,,,,,
db_bio,dpmlm_shap,"{'epsilon': 25, 'rho': 0.6}",,0.4114964112735564,0.28870292887029286,0.1170270552759146,0.06276150627615062,0.28310871660271403,0.200836820083682,0.9198015708970649,0.9021635497279772,0.9021635497279772,0.9198015708970649,2419.0,0.9226953286482017,0.9205136280173978,0.9205136280173978,0.9226953286482017,2419.0,0.16447925668651775,0.38147804956019243,6.244653206591231,mode,mode,0.9793303017775941,0.9794255899444719,0.9794255899444719,0.054981397271599834,0.9731293923108723,0.9722031519983906,0.9722031519983906,0.054981397271599834,0.3249976582234454,18765.48,2419.0,13902.0,107.88,6657.0,88.9098,15105.816106744187
db_bio,dpmlm_shap,"{'epsilon': 25, 'rho': 0.6}",test,,,,,,,,,,,,,,,,,,,,,,,,,,,,,,0.32354597773698623,,,,,,,
db_bio,dpmlm_shap,"{'epsilon': 25, 'rho': 0.5}",,0.3287610873786403,0.22594142259414227,0.09853623085326772,0.05439330543933055,0.245888142588652,0.1506276150627615,0.881769326167838,0.8505621453833973,0.8505621453833973,0.881769326167838,2419.0,0.899545266639107,0.8969807972006851,0.8969807972006851,0.899545266639107,2419.0,0.1776749225823827,0.4054326608117921,7.1451085187751575,mode,mode,0.9793303017775941,0.9794255899444719,0.9794255899444719,0.054981397271599834,0.9731293923108723,0.9722031519983906,0.9722031519983906,0.054981397271599834,0.40986946938896157,18765.48,2419.0,13902.0,107.88,6657.0,88.9098,17284.017506917105
db_bio,dpmlm_shap,"{'epsilon': 25, 'rho': 0.5}",test,,,,,,,,,,,,,,,,,,,,,,,,,,,,,,0.4075885057487346,,,,,,,
db_bio,dpmlm_shap,"{'epsilon': 25, 'rho': 0.4}",,0.23013331271663884,0.1297071129707113,0.0817884228019209,0.04184100418410042,0.20938341759821347,0.12552301255230125,0.8602728400165358,0.8125651413496104,0.8125651413496104,0.8602728400165358,2419.0,0.8627532038032245,0.8616993866811721,0.8616993866811721,0.8627532038032245,2419.0,0.19077622501157246,0.4279662591765961,8.030330978709994,mode,mode,0.9793303017775941,0.9794255899444719,0.9794255899444719,0.054981397271599834,0.9731293923108723,0.9722031519983906,0.9722031519983906,0.054981397271599834,0.4933055182883179,18765.48,2419.0,13902.0,107.88,6657.0,88.9098,19425.370637499476
db_bio,dpmlm_shap,"{'epsilon': 25, 'rho': 0.4}",test,,,,,,,,,,,,,,,,,,,,,,,,,,,,,,0.4919487733719026,,,,,,,
db_bio,dpmlm_shap,"{'epsilon': 25, 'rho': 0.3}",,0.1797691064122414,0.09623430962343096,0.057337594253518157,0.016736401673640166,0.1824653003607383,0.11297071129707113,0.8408433236874742,0.7903071849492885,0.7903071849492885,0.8408433236874742,2419.0,0.8276147168251343,0.8254068674744378,0.8254068674744378,0.8276147168251343,2419.0,0.2037187667117724,0.4505807273690491,8.899794771304329,mode,mode,0.9793303017775941,0.9794255899444719,0.9794255899444719,0.054981397271599834,0.9731293923108723,0.9722031519983906,0.9722031519983906,0.054981397271599834,0.575256244572941,18765.48,2419.0,13902.0,107.88,6657.0,88.9098,21528.60355178517
db_bio,dpmlm_shap,"{'epsilon': 25, 'rho': 0.3}",test,,,,,,,,,,,,,,,,,,,,,,,,,,,,,,0.5731737245775682,,,,,,,
db_bio,dpmlm_shap,"{'epsilon': 25, 'rho': 0.2}",,0.14045046656583085,0.06694560669456066,0.04542874330990061,0.012552301255230125,0.15824900015319512,0.08786610878661087,0.8238941711451013,0.7747498134261038,0.7747498134261038,0.8238941711451013,2419.0,0.7771806531624639,0.7761559425652452,0.7761559425652452,0.7771806531624639,2419.0,0.21618535211629344,0.4717474023527772,9.744230291288792,mode,mode,0.9793303017775941,0.9794255899444719,0.9794255899444719,0.054981397271599834,0.9731293923108723,0.9722031519983906,0.9722031519983906,0.054981397271599834,0.6548479478188837,18765.48,2419.0,13902.0,107.88,6657.0,88.9098,23571.29307462759
db_bio,dpmlm_shap,"{'epsilon': 25, 'rho': 0.2}",test,,,,,,,,,,,,,,,,,,,,,,,,,,,,,,0.6532312971194777,,,,,,,
db_bio,dpmlm_shap,"{'epsilon': 25, 'rho': 0.1}",,0.10415702741773036,0.03765690376569038,0.03877656314666021,0.016736401673640166,0.11649522291800447,0.0502092050209205,0.7837949565936337,0.7310672047394825,0.7310672047394825,0.7837949565936337,2419.0,0.7106242248863167,0.7123238490647347,0.7123238490647347,0.7106242248863167,2419.0,0.22791778351364672,0.4913849229283351,10.55409673418768,mode,mode,0.9793303017775941,0.9794255899444719,0.9794255899444719,0.054981397271599834,0.9731293923108723,0.9722031519983906,0.9722031519983906,0.054981397271599834,0.7311813659030041,18765.48,2419.0,13902.0,107.88,6657.0,88.9098,25530.36
db_bio,dpmlm_shap,"{'epsilon': 25, 'rho': 0.1}",test,,,,,,,,,,,,,,,,,,,,,,,,,,,,,,0.7293918026925693,,,,,,,
db_bio,dpmlm_shap,{'epsilon': 50},,0.24563693396510577,0.16317991631799164,0.06197188625699664,0.03347280334728033,0.1859377066377768,0.09623430962343096,0.8152128978916908,0.7574589735402659,0.7574589735402659,0.8152128978916908,2419.0,0.8119057461761058,0.8022666667254862,0.8022666667254862,0.8119057461761058,2419.0,0.20964465036821936,0.4283733735474711,10.131107895824721,mode,mode,0.9793303017775941,0.9794255899444719,0.9794255899444719,0.054981397271599834,0.9731293923108723,0.9722031519983906,0.9722031519983906,0.054981397271599834,0.7063098962949718,17742.27,2419.0,13902.0,107.88,6657.0,88.9098,24507.15
db_bio,dpmlm_shap,{'epsilon': 50},test,,,,,,,,,,,,,,,,,,,,,,,,,,,,,,0.7019449258290162,,,,,,,
db_bio,dpmlm_shap,"{'epsilon': 50, 'k': 2}",,0.7532318639853809,0.6443514644351465,0.2767904161760486,0.03765690376569038,0.689791791905416,0.5941422594142259,0.9574204216618437,0.9535938738881047,0.9535938738881047,0.9574204216618437,2419.0,0.9644481190574618,0.9635560622493703,0.9635560622493703,0.9644481190574618,2419.0,0.11399401678138156,0.26941107178384877,3.4512362933789755,mode,mode,0.9793303017775941,0.9794255899444719,0.9794255899444719,0.054981397271599834,0.9731293923108723,0.9722031519983906,0.9722031519983906,0.054981397271599834,0.06874334899960924,4069.04,2419.0,28677.0,107.88,6657.0,177.26870000000002,8348.540593683741
db_bio,dpmlm_shap,"{'epsilon': 50, 'k': 2}",test,0.4714707849048593,0.08786610878661087,,,0.5265602559704943,0.4309623430962343,,,,,,0.9581589958158996,0.9516340549428784,0.9516340549428784,0.9581589958158996,2419.0,,,,,mode,,,,,0.9731293923108723,0.9722031519983906,0.9722031519983906,0.054981397271599834,0.07474267363764706,,,,,,,
db_bio,dpmlm_shap,"{'epsilon': 50, 'k': 3}",,0.7274585960013668,0.6192468619246861,0.20254618741645575,0.04184100418410042,0.6466955575957924,0.5188284518828452,0.9541132699462588,0.9436361174103155,0.9436361174103155,0.9541132699462588,2419.0,0.9632079371641175,0.9623071333710732,0.9623071333710732,0.9632079371641175,2419.0,0.11868547570266819,0.27855310715048115,3.6996361968518414,mode,mode,0.9793303017775941,0.9794255899444719,0.9794255899444719,0.054981397271599834,0.9731293923108723,0.9722031519983906,0.9722031519983906,0.054981397271599834,0.09482624843069894,4069.04,2419.0,28677.0,107.88,6657.0,177.26870000000002,8949.419960184605
db_bio,dpmlm_shap,"{'epsilon': 50, 'k': 3}",test,0.3711297324194553,0.1087866108786611,,,0.4670840541216825,0.3682008368200837,,,,,,0.9497907949790795,0.9440762715956215,0.9440762715956215,0.9497907949790795,2419.0,,,,,mode,,,,,0.9731293923108723,0.9722031519983906,0.9722031519983906,0.054981397271599834,0.09837540933365356,,,,,,,
db_bio,dpmlm_shap,"{'epsilon': 50, 'k': 5}",,0.7051701497263516,0.5899581589958159,0.14374395870884887,0.04184100418410042,0.5959016513625558,0.4351464435146444,0.9516329061595701,0.9487169068419776,0.9487169068419776,0.9516329061595701,2419.0,0.9615543613063249,0.960363105860376,0.960363105860376,0.9615543613063249,2419.0,0.12399267053840672,0.2884964408486182,3.988858675170143,mode,mode,0.9793303017775941,0.9794255899444719,0.9794255899444719,0.054981397271599834,0.9731293923108723,0.9722031519983906,0.9722031519983906,0.054981397271599834,0.12519566770066592,4069.04,2419.0,28677.0,107.88,6657.0,177.26870000000002,9649.049135236575
db_bio,dpmlm_shap,"{'epsilon': 50, 'k': 5}",test,0.29014691000111753,0.12133891213389121,,,0.38925072364662605,0.2803347280334728,,,,,,0.9163179916317992,0.9067342902866132,0.9067342902866132,0.9163179916317992,2419.0,,,,,mode,,,,,0.9731293923108723,0.9722031519983906,0.9722031519983906,0.054981397271599834,0.12491551547075541,,,,,,,
db_bio,dpmlm_shap,"{'epsilon': 50, 'k': 7}",,0.677716723190476,0.5606694560669456,0.12288731352085625,0.04602510460251046,0.5387355492173741,0.3514644351464435,0.9483257544439851,0.9416469752653919,0.9416469752653919,0.9483257544439851,2419.0,0.9574204216618437,0.9559393188252877,0.9559393188252877,0.9574204216618437,2419.0,0.12774352696672261,0.2951966308152789,4.199081520032857,mode,mode,0.9793303017775941,0.9794255899444719,0.9794255899444719,0.054981397271599834,0.9731293923108723,0.9722031519983906,0.9722031519983906,0.054981397271599834,0.14726983618467543,4069.04,2419.0,28677.0,107.88,6657.0,177.26870000000002,10157.578196959481
db_bio,dpmlm_shap,"{'epsilon': 50, 'k': 7}",test,0.25360249207594643,0.12133891213389121,,,0.3601581876458828,0.2594142259414226,,,,,,0.9163179916317992,0.9089668106947518,0.9089668106947518,0.9163179916317992,2419.0,,,,,mode,,,,,0.9731293923108723,0.9722031519983906,0.9722031519983906,0.054981397271599834,0.1497404051249222,,,,,,,
db_bio,dpmlm_shap,"{'epsilon': 50, 'k': 10}",,0.6445222181796503,0.5188284518828452,0.10145944535558847,0.04602510460251046,0.46700992477208453,0.2384937238493724,0.9417114510128152,0.9365625514369604,0.9365625514369604,0.9417114510128152,2419.0,0.9487391484084332,0.9461056700228724,0.9461056700228724,0.9487391484084332,2419.0,0.13199681514252706,0.30259672593311515,4.44960217713676,mode,mode,0.9793303017775941,0.9794255899444719,0.9794255899444719,0.054981397271599834,0.9731293923108723,0.9722031519983906,0.9722031519983906,0.054981397271599834,0.17357542251259206,4069.04,2419.0,28677.0,107.88,6657.0,177.26870000000002,10763.587666493822
db_bio,dpmlm_shap,"{'epsilon': 50, 'k': 10}",test,0.2320433677971568,0.12552301255230125,,,0.310959992643025,0.21338912133891214,,,,,,0.899581589958159,0.8910470768108066,0.8910470768108066,0.8995815899581588,2419.0,,,,,mode,,,,,0.9731293923108723,0.9722031519983906,0.9722031519983906,0.054981397271599834,0.1766284000050266,,,,,,,
db_bio,dpmlm_shap,"{'epsilon': 50, 'rho': 0.9}",,0.7498527416293597,0.6527196652719666,0.3291220384148807,0.24686192468619247,0.5608809533515171,0.4602510460251046,0.9599007854485324,0.954277044828232,0.954277044828232,0.9599007854485324,2419.0,0.9661016949152542,0.9651734177679638,0.9651734177679638,0.9661016949152542,2419.0,0.11945487293343546,0.28610813269047464,3.6629069937440617,mode,mode,0.9793303017775941,0.9794255899444719,0.9794255899444719,0.054981397271599834,0.9731293923108723,0.9722031519983906,0.9722031519983906,0.054981397271599834,0.06926486883370864,19416.75,2419.0,13902.0,107.88,6657.0,88.9098,8860.572017866885
db_bio,dpmlm_shap,"{'epsilon': 50, 'rho': 0.9}",test,,,,,,,,,,,,,,,,,,,,,,,,,,,,,,0.06913786467655625,,,,,,,
db_bio,dpmlm_shap,"{'epsilon': 50, 'rho': 0.8}",,0.6376452551681913,0.5230125523012552,0.2265302404952977,0.1589958158995816,0.44722054727723864,0.3389121338912134,0.9470855725506407,0.9394688274313063,0.9394688274313063,0.9470855725506407,2419.0,0.95824720959074,0.955662111897392,0.955662111897392,0.95824720959074,2419.0,0.133895146324399,0.3167808817629481,4.648625237339393,mode,mode,0.9793303017775941,0.9794255899444719,0.9794255899444719,0.054981397271599834,0.9731293923108723,0.9722031519983906,0.9722031519983906,0.054981397271599834,0.1480735790273702,19416.75,2419.0,13902.0,107.88,6657.0,88.9098,11245.02444912399
db_bio,dpmlm_shap,"{'epsilon': 50, 'rho': 0.8}",test,,,,,,,,,,,,,,,,,,,,,,,,,,,,,,0.14719150455275531,,,,,,,
db_bio,dpmlm_shap,"{'epsilon': 50, 'rho': 0.7}",,0.5793158051547863,0.4602510460251046,0.18345567115526565,0.11715481171548117,0.38730840701874325,0.28870292887029286,0.9371641174038859,0.9278005738923846,0.9278005738923846,0.9371641174038859,2419.0,0.9499793303017776,0.947149779158042,0.947149779158042,0.9499793303017776,2419.0,0.1455033943888667,0.3376044830713158,5.618171285155849,mode,mode,0.9793303017775941,0.9794255899444719,0.9794255899444719,0.054981397271599834,0.9731293923108723,0.9722031519983906,0.9722031519983906,0.054981397271599834,0.22558931336447885,19416.75,2419.0,13902.0,107.88,6657.0,88.9098,13590.356338792
db_bio,dpmlm_shap,"{'epsilon': 50, 'rho': 0.7}",test,,,,,,,,,,,,,,,,,,,,,,,,,,,,,,0.22392159927059446,,,,,,,
db_bio,dpmlm_shap,"{'epsilon': 50, 'rho': 0.6}",,0.49880772028897363,0.37656903765690375,0.14671194546102803,0.09205020920502092,0.33716736186971347,0.23430962343096234,0.9206283588259612,0.9029942162043935,0.9029942162043935,0.9206283588259612,2419.0,0.9421248449772633,0.9409030134267012,0.9409030134267012,0.9421248449772633,2419.0,0.15576038421210597,0.35357866044771874,6.552749830782278,mode,mode,0.9793303017775941,0.9794255899444719,0.9794255899444719,0.054981397271599834,0.9731293923108723,0.9722031519983906,0.9722031519983906,0.054981397271599834,0.3003093768654277,19416.75,2419.0,13902.0,107.88,6657.0,88.9098,15851.10184066233
db_bio,dpmlm_shap,"{'epsilon': 50, 'rho': 0.6}",test,,,,,,,,,,,,,,,,,,,,,,,,,,,,,,0.29780017031434974,,,,,,,
db_bio,dpmlm_shap,"{'epsilon': 50, 'rho': 0.5}",,0.4485055695559436,0.33472803347280333,0.13250301498515207,0.0794979079497908,0.3141233123541336,0.2175732217573222,0.9152542372881356,0.8964821693650533,0.8964821693650533,0.9152542372881356,2419.0,0.9260024803637867,0.9246223510105324,0.9246223510105324,0.9260024803637867,2419.0,0.16545639475695897,0.368139022111942,7.453599427694477,mode,mode,0.9793303017775941,0.9794255899444719,0.9794255899444719,0.054981397271599834,0.9731293923108723,0.9722031519983906,0.9722031519983906,0.054981397271599834,0.3723327925548668,19416.75,2419.0,13902.0,107.88,6657.0,88.9098,18030.25701559294
db_bio,dpmlm_shap,"{'epsilon': 50, 'rho': 0.5}",test,,,,,,,,,,,,,,,,,,,,,,,,,,,,,,0.36947549131849133,,,,,,,
db_bio,dpmlm_shap,"{'epsilon': 50, 'rho': 0.4}",,0.3855376770403323,0.2719665271966527,0.11658001916108086,0.06694560669456066,0.2957066738293519,0.20920502092050208,0.9082265398925176,0.8854339805510504,0.8854339805510504,0.9082265398925176,2419.0,0.920214964861513,0.917145491771398,0.917145491771398,0.920214964861513,2419.0,0.17461003482021445,0.38059666292659505,8.329398044561048,mode,mode,0.9793303017775941,0.9794255899444719,0.9794255899444719,0.054981397271599834,0.9731293923108723,0.9722031519983906,0.9722031519983906,0.054981397271599834,0.44235336875207715,19416.75,2419.0,13902.0,107.88,6657.0,88.9098,20148.813869793175
db_bio,dpmlm_shap,"{'epsilon': 50, 'rho': 0.4}",test,,,,,,,,,,,,,,,,,,,,,,,,,,,,,,0.4405457616029146,,,,,,,
db_bio,dpmlm_shap,"{'epsilon': 50, 'rho': 0.3}",,0.34838092677666427,0.24267782426778242,0.11510644370286895,0.07112970711297072,0.28250441529782744,0.200836820083682,0.8929309632079372,0.8608985700429882,0.8608985700429882,0.8929309632079372,2419.0,0.9086399338569657,0.9053360174876136,0.9053360174876136,0.9086399338569657,2419.0,0.18334790572690393,0.39218115950108756,9.182355962001873,mode,mode,0.9793303017775941,0.9794255899444719,0.9794255899444719,0.054981397271599834,0.9731293923108723,0.9722031519983906,0.9722031519983906,0.054981397271599834,0.5105478185958798,19416.75,2419.0,13902.0,107.88,6657.0,88.9098,22212.119072082533
db_bio,dpmlm_shap,"{'epsilon': 50, 'rho': 0.3}",test,,,,,,,,,,,,,,,,,,,,,,,,,,,,,,0.5080020940944832,,,,,,,
db_bio,dpmlm_shap,"{'epsilon': 50, 'rho': 0.2}",,0.30912458098369733,0.200836820083682,0.09914738843639125,0.058577405857740586,0.26584099579017684,0.1799163179916318,0.8780487804878049,0.8411882601016724,0.8411882601016724,0.8780487804878049,2419.0,0.885489871847871,0.8787961824640639,0.8787961824640639,0.885489871847871,2419.0,0.19188332483757622,0.4030296003870256,10.013124335148861,mode,mode,0.9793303017775941,0.9794255899444719,0.9794255899444719,0.054981397271599834,0.9731293923108723,0.9722031519983906,0.9722031519983906,0.054981397271599834,0.5769682022935554,19416.75,2419.0,13902.0,107.88,6657.0,88.9098,24221.747766725097
db_bio,dpmlm_shap,"{'epsilon': 50, 'rho': 0.2}",test,,,,,,,,,,,,,,,,,,,,,,,,,,,,,,0.5740365620282902,,,,,,,
db_bio,dpmlm_shap,"{'epsilon': 50, 'rho': 0.1}",,0.2835128253871533,0.18410041841004185,0.07250114263355326,0.03347280334728033,0.2163190016845102,0.1297071129707113,0.8342290202563043,0.7805027507923752,0.7805027507923752,0.8342290202563043,2419.0,0.864406779661017,0.8582096158414464,0.8582096158414464,0.864406779661017,2419.0,0.20026507575731722,0.41439214486778153,10.823327821413807,mode,mode,0.9793303017775941,0.9794255899444719,0.9794255899444719,0.054981397271599834,0.9731293923108723,0.9722031519983906,0.9722031519983906,0.054981397271599834,0.641744412089629,19416.75,2419.0,13902.0,107.88,6657.0,88.9098,26181.63
db_bio,dpmlm_shap,"{'epsilon': 50, 'rho': 0.1}",test,,,,,,,,,,,,,,,,,,,,,,,,,,,,,,0.6389733918189843,,,,,,,
db_bio,dpmlm_shap,{'epsilon': 100},,0.3838985175416875,0.27615062761506276,0.09566903845111892,0.05439330543933055,0.26188168159597136,0.16736401673640167,0.8673005374121537,0.8247474567042219,0.8247474567042219,0.8673005374121537,2419.0,0.8726746589499793,0.8609475375042649,0.8609475375042649,0.8726746589499793,2419.0,0.1952543666708711,0.3904227567801992,9.80252583712278,mode,mode,0.9793303017775941,0.9794255899444719,0.9794255899444719,0.054981397271599834,0.9731293923108723,0.9722031519983906,0.9722031519983906,0.054981397271599834,0.6422376841041695,16947.43,2419.0,13902.0,107.88,6657.0,88.9098,23712.31
db_bio,dpmlm_shap,{'epsilon': 100},test,,,,,,,,,,,,,,,,,,,,,,,,,,,,,,0.6398396219525082,,,,,,,
db_bio,dpmlm_shap,"{'epsilon': 100, 'k': 2}",,0.7772962499031297,0.6736401673640168,0.2776918429124749,0.029288702928870293,0.6913718656317565,0.5941422594142259,0.9673418768085986,0.9652563546340502,0.9652563546340502,0.9673418768085986,2419.0,0.9673418768085986,0.9665781349973374,0.9665781349973374,0.9673418768085986,2419.0,0.11409042476868521,0.26740460435976515,3.415291392539478,mode,mode,0.9793303017775941,0.9794255899444719,0.9794255899444719,0.054981397271599834,0.9731293923108723,0.9722031519983906,0.9722031519983906,0.054981397271599834,0.07563683987372391,3603.65,2419.0,28677.0,107.88,6657.0,177.26870000000002,8261.589878552997
db_bio,dpmlm_shap,"{'epsilon': 100, 'k': 2}",test,0.4940599460923469,0.11297071129707113,,,0.5337035964703458,0.42677824267782427,,,,,,0.9581589958158996,0.9503837820863682,0.9503837820863682,0.9581589958158996,2419.0,,,,,mode,,,,,0.9731293923108723,0.9722031519983906,0.9722031519983906,0.054981397271599834,0.0752646413334998,,,,,,,
db_bio,dpmlm_shap,"{'epsilon': 100, 'k': 3}",,0.7417783602589463,0.6317991631799164,0.2095736407984569,0.04184100418410042,0.6673132882258986,0.5523012552301255,0.9607275733774286,0.9584874486916993,0.9584874486916993,0.9607275733774286,2419.0,0.9636213311285655,0.9628396668281786,0.9628396668281786,0.9636213311285655,2419.0,0.11831828980171863,0.2753143001065958,3.6190418875008135,mode,mode,0.9793303017775941,0.9794255899444719,0.9794255899444719,0.054981397271599834,0.9731293923108723,0.9722031519983906,0.9722031519983906,0.054981397271599834,0.10054434860982536,3603.65,2419.0,28677.0,107.88,6657.0,177.26870000000002,8754.462325864468
db_bio,dpmlm_shap,"{'epsilon': 100, 'k': 3}",test,0.4113244923317881,0.16736401673640167,,,0.4679232259702657,0.35564853556485354,,,,,,0.9414225941422594,0.9347447812093642,0.9347447812093642,0.9414225941422593,2419.0,,,,,mode,,,,,0.9731293923108723,0.9722031519983906,0.9722031519983906,0.054981397271599834,0.10325546938193157,,,,,,,
db_bio,dpmlm_shap,"{'epsilon': 100, 'k': 5}",,0.7229350713999672,0.6150627615062761,0.15149384651843684,0.04602510460251046,0.6126476082464112,0.4686192468619247,0.9541132699462588,0.9499351361060335,0.9499351361060335,0.9541132699462588,2419.0,0.9611409673418768,0.9599812477691682,0.9599812477691682,0.9611409673418768,2419.0,0.12384164757154953,0.28464305787699534,3.898312999685595,mode,mode,0.9793303017775941,0.9794255899444719,0.9794255899444719,0.054981397271599834,0.9731293923108723,0.9722031519983906,0.9722031519983906,0.054981397271599834,0.1346838861250751,3603.65,2419.0,28677.0,107.88,6657.0,177.26870000000002,9430.019146239454
db_bio,dpmlm_shap,"{'epsilon': 100, 'k': 5}",test,0.35502305318516203,0.18410041841004185,,,0.4187536521855169,0.3054393305439331,,,,,,0.9246861924686193,0.9105252187723725,0.9105252187723725,0.9246861924686194,2419.0,,,,,mode,,,,,0.9731293923108723,0.9722031519983906,0.9722031519983906,0.054981397271599834,0.134878073692914,,,,,,,
db_bio,dpmlm_shap,"{'epsilon': 100, 'k': 7}",,0.7037280965499622,0.5941422594142259,0.13508391272380246,0.0502092050209205,0.564276418766435,0.39748953974895396,0.9404712691194709,0.9237085888050379,0.9237085888050379,0.9404712691194709,2419.0,0.9599007854485324,0.958763482205045,0.958763482205045,0.9599007854485324,2419.0,0.12724170126960316,0.2905032004685183,4.072571554394201,mode,mode,0.9793303017775941,0.9794255899444719,0.9794255899444719,0.054981397271599834,0.9731293923108723,0.9722031519983906,0.9722031519983906,0.054981397271599834,0.15598614835795294,3603.65,2419.0,28677.0,107.88,6657.0,177.26870000000002,9851.550590079572
db_bio,dpmlm_shap,"{'epsilon': 100, 'k': 7}",test,0.33012005553154317,0.18828451882845187,,,0.3835463096441903,0.26359832635983266,,,,,,0.9121338912133892,0.8909525077882074,0.8909525077882074,0.9121338912133891,2419.0,,,,,mode,,,,,0.9731293923108723,0.9722031519983906,0.9722031519983906,0.054981397271599834,0.15591598186110045,,,,,,,
db_bio,dpmlm_shap,"{'epsilon': 100, 'k': 10}",,0.6766289600310943,0.5564853556485355,0.11854618417647181,0.0502092050209205,0.5043217465209677,0.3054393305439331,0.9338569656883009,0.916991678130945,0.916991678130945,0.9338569656883009,2419.0,0.9553534518396032,0.9539215751984579,0.9539215751984579,0.9553534518396032,2419.0,0.13125467679874125,0.2966484549174677,4.286287722199257,mode,mode,0.9793303017775941,0.9794255899444719,0.9794255899444719,0.054981397271599834,0.9731293923108723,0.9722031519983906,0.9722031519983906,0.054981397271599834,0.18211191221271397,3603.65,2419.0,28677.0,107.88,6657.0,177.26870000000002,10368.53
db_bio,dpmlm_shap,"{'epsilon': 100, 'k': 10}",test,0.3125226033107552,0.19246861924686193,,,0.3466370384815773,0.2301255230125523,,,,,,0.9163179916317992,0.8951804489646781,0.8951804489646781,0.9163179916317992,2419.0,,,,,mode,,,,,0.9731293923108723,0.9722031519983906,0.9722031519983906,0.054981397271599834,0.1759634543773122,,,,,,,
db_bio,dpmlm_shap,"{'epsilon': 100, 'rho': 0.9}",,0.7350983974373161,0.6192468619246861,0.35423394966803684,0.28870292887029286,0.5579224730405055,0.4686192468619247,0.9565936337329475,0.9519791579686925,0.9519791579686925,0.9565936337329475,2419.0,0.9698222405952873,0.969568248569507,0.969568248569507,0.9698222405952873,2419.0,0.11823737357657228,0.2828489888941468,3.6904991710191846,mode,mode,0.9793303017775941,0.9794255899444719,0.9794255899444719,0.054981397271599834,0.9731293923108723,0.9722031519983906,0.9722031519983906,0.054981397271599834,0.06699285993436803,18742.07,2419.0,13902.0,107.88,6657.0,88.9098,8927.317494695408
db_bio,dpmlm_shap,"{'epsilon': 100, 'rho': 0.9}",test,,,,,,,,,,,,,,,,,,,,,,,,,,,,,,0.06679066479015058,,,,,,,
db_bio,dpmlm_shap,"{'epsilon': 100, 'rho': 0.8}",,0.6708371865953073,0.5648535564853556,0.27478303544946076,0.20920502092050208,0.4801843195510446,0.39330543933054396,0.9280694501860273,0.9060498717980274,0.9060498717980274,0.9280694501860273,2419.0,0.9578338156262919,0.9561172991607741,0.9561172991607741,0.9578338156262919,2419.0,0.1303018634848577,0.3067683668829479,4.647559825060988,mode,mode,0.9793303017775941,0.9794255899444719,0.9794255899444719,0.054981397271599834,0.9731293923108723,0.9722031519983906,0.9722031519983906,0.054981397271599834,0.13871616365288816,18742.07,2419.0,13902.0,107.88,6657.0,88.9098,11242.44721682253
db_bio,dpmlm_shap,"{'epsilon': 100, 'rho': 0.8}",test,,,,,,,,,,,,,,,,,,,,,,,,,,,,,,0.13739629962346536,,,,,,,
db_bio,dpmlm_shap,"{'epsilon': 100, 'rho': 0.7}",,0.6219256272495586,0.5104602510460251,0.2407576986735963,0.17573221757322174,0.4444705182456285,0.3472803347280335,0.9462587846217445,0.9397352994353708,0.9397352994353708,0.9462587846217445,2419.0,0.9520463001240181,0.9506275005179555,0.9506275005179555,0.9520463001240181,2419.0,0.13979954244480394,0.3214490927537151,5.561268287264437,mode,mode,0.9793303017775941,0.9794255899444719,0.9794255899444719,0.054981397271599834,0.9731293923108723,0.9722031519983906,0.9722031519983906,0.054981397271599834,0.20719060074111229,18742.07,2419.0,13902.0,107.88,6657.0,88.9098,13452.707986892674
db_bio,dpmlm_shap,"{'epsilon': 100, 'rho': 0.7}",test,,,,,,,,,,,,,,,,,,,,,,,,,,,,,,0.2049860339128869,,,,,,,
db_bio,dpmlm_shap,"{'epsilon': 100, 'rho': 0.6}",,0.5626371917005358,0.4351464435146444,0.1802084529240933,0.12133891213389121,0.39640488188711087,0.28870292887029286,0.9317899958660604,0.9224851862348894,0.9224851862348894,0.9317899958660604,2419.0,0.9508061182306738,0.9498080180554963,0.9498080180554963,0.9508061182306738,2419.0,0.14817314980295188,0.3329408748823042,6.435201627322986,mode,mode,0.9793303017775941,0.9794255899444719,0.9794255899444719,0.054981397271599834,0.9731293923108723,0.9722031519983906,0.9722031519983906,0.054981397271599834,0.2726842412058495,18742.07,2419.0,13902.0,107.88,6657.0,88.9098,15566.752736494303
db_bio,dpmlm_shap,"{'epsilon': 100, 'rho': 0.6}",test,,,,,,,,,,,,,,,,,,,,,,,,,,,,,,0.26864772458520436,,,,,,,
db_bio,dpmlm_shap,"{'epsilon': 100, 'rho': 0.5}",,0.5239378225042995,0.39330543933054396,0.1638166788297957,0.100418410041841,0.36973549693592644,0.26359832635983266,0.9218685407193055,0.9055807530994416,0.9055807530994416,0.9218685407193055,2419.0,0.937577511368334,0.935569643748804,0.935569643748804,0.937577511368334,2419.0,0.15624170477797344,0.34316821971083533,7.290188771642827,mode,mode,0.9793303017775941,0.9794255899444719,0.9794255899444719,0.054981397271599834,0.9731293923108723,0.9722031519983906,0.9722031519983906,0.054981397271599834,0.3367580304359349,18742.07,2419.0,13902.0,107.88,6657.0,88.9098,17634.966638603997
db_bio,dpmlm_shap,"{'epsilon': 100, 'rho': 0.5}",test,,,,,,,,,,,,,,,,,,,,,,,,,,,,,,0.33155786546637117,,,,,,,
db_bio,dpmlm_shap,"{'epsilon': 100, 'rho': 0.4}",,0.4797991985616601,0.35564853556485354,0.1583175441480441,0.1087866108786611,0.3437323162376926,0.24686192468619247,0.9090533278214138,0.8789146504047526,0.8789146504047526,0.9090533278214138,2419.0,0.9330301777594047,0.9314163839074423,0.9314163839074423,0.9330301777594047,2419.0,0.16393276988696145,0.3524393042154478,8.119423692804538,mode,mode,0.9793303017775941,0.9794255899444719,0.9794255899444719,0.054981397271599834,0.9731293923108723,0.9722031519983906,0.9722031519983906,0.054981397271599834,0.39890191635717837,18742.07,2419.0,13902.0,107.88,6657.0,88.9098,19640.885912894177
db_bio,dpmlm_shap,"{'epsilon': 100, 'rho': 0.4}",test,,,,,,,,,,,,,,,,,,,,,,,,,,,,,,0.3945995081694749,,,,,,,
db_bio,dpmlm_shap,"{'epsilon': 100, 'rho': 0.3}",,0.4468202123588994,0.3263598326359833,0.14379511707744463,0.09205020920502092,0.3145255212364052,0.20920502092050208,0.8805291442744936,0.8372580388079051,0.8372580388079051,0.8805291442744936,2419.0,0.926829268292683,0.9234062765197159,0.9234062765197159,0.926829268292683,2419.0,0.17139075488874664,0.36117572332768955,8.935835544677238,mode,mode,0.9793303017775941,0.9794255899444719,0.9794255899444719,0.054981397271599834,0.9731293923108723,0.9722031519983906,0.9722031519983906,0.054981397271599834,0.4600848256785217,18742.07,2419.0,13902.0,107.88,6657.0,88.9098,21615.786182574237
db_bio,dpmlm_shap,"{'epsilon': 100, 'rho': 0.3}",test,,,,,,,,,,,,,,,,,,,,,,,,,,,,,,0.4553246429024186,,,,,,,
db_bio,dpmlm_shap,"{'epsilon': 100, 'rho': 0.2}",,0.4271631236370882,0.30962343096234307,0.13324498421681016,0.08786610878661087,0.30831325307458735,0.21338912133891214,0.8883836295990079,0.854931820684719,0.854931820684719,0.8883836295990079,2419.0,0.9144274493592394,0.9110313381413078,0.9110313381413078,0.9144274493592394,2419.0,0.17875151540090742,0.36972148493455925,9.740388665641746,mode,mode,0.9793303017775941,0.9794255899444719,0.9794255899444719,0.054981397271599834,0.9731293923108723,0.9722031519983906,0.9722031519983906,0.054981397271599834,0.5203790271054881,18742.07,2419.0,13902.0,107.88,6657.0,88.9098,23562.00018218738
db_bio,dpmlm_shap,"{'epsilon': 100, 'rho': 0.2}",test,,,,,,,,,,,,,,,,,,,,,,,,,,,,,,0.5155755803613518,,,,,,,
db_bio,dpmlm_shap,"{'epsilon': 100, 'rho': 0.1}",,0.4049223749830557,0.2928870292887029,0.11673790625719728,0.07112970711297072,0.28644355345641365,0.18410041841004185,0.8912773873501447,0.8573111695341727,0.8573111695341727,0.8912773873501447,2419.0,0.9053327821413807,0.9017744593865379,0.9017744593865379,0.9053327821413807,2419.0,0.18631528622850793,0.37850179227855196,10.54441918147995,mode,mode,0.9793303017775941,0.9794255899444719,0.9794255899444719,0.054981397271599834,0.9731293923108723,0.9722031519983906,0.9722031519983906,0.054981397271599834,0.5806340638608736,18742.07,2419.0,13902.0,107.88,6657.0,88.9098,25506.95
db_bio,dpmlm_shap,"{'epsilon': 100, 'rho': 0.1}",test,,,,,,,,,,,,,,,,,,,,,,,,,,,,,,0.5753401258934617,,,,,,,
db_bio,dpmlm_shap,{'epsilon': 250},,0.4224921039859529,0.28870292887029286,0.11566431327085466,0.06694560669456066,0.31194091498312315,0.2175732217573222,0.8772219925589086,0.8352230491027289,0.8352230491027289,0.8772219925589086,2419.0,0.9090533278214138,0.8984210528165978,0.8984210528165978,0.9090533278214138,2419.0,0.1861103384541105,0.3685702799136799,10.710735841256717,mode,mode,0.9793303017775941,0.9794255899444719,0.9794255899444719,0.054981397271599834,0.9731293923108723,0.9722031519983906,0.9722031519983906,0.054981397271599834,0.5975259324836327,19144.39,2419.0,13902.0,107.88,6657.0,88.9098,25909.27
db_bio,dpmlm_shap,{'epsilon': 250},test,,,,,,,,,,,,,,,,,,,,,,,,,,,,,,0.5962280703076203,,,,,,,
db_bio,dpmlm_shap,"{'epsilon': 250, 'k': 2}",,0.7695591821644363,0.6569037656903766,0.28272831610024873,0.03765690376569038,0.6912431996329744,0.5899581589958159,0.9681686647374949,0.9679279348816641,0.9679279348816641,0.9681686647374949,2419.0,0.9665150888797024,0.9656841933680068,0.9656841933680068,0.9665150888797024,2419.0,0.11404860514951866,0.26565275828224316,4.004605412245099,mode,mode,0.9793303017775941,0.9794255899444719,0.9794255899444719,0.054981397271599834,0.9731293923108723,0.9722031519983906,0.9722031519983906,0.054981397271599834,0.08136912866350898,6881.67,2419.0,28677.0,107.88,6657.0,177.26870000000002,9687.140492220895
db_bio,dpmlm_shap,"{'epsilon': 250, 'k': 2}",test,0.5191595675308803,0.16736401673640167,,,0.5511954122501149,0.4560669456066946,,,,,,0.9623430962343096,0.9538035883869217,0.9538035883869217,0.9623430962343097,2419.0,,,,,mode,,,,,0.9731293923108723,0.9722031519983906,0.9722031519983906,0.054981397271599834,0.08047249719669347,,,,,,,
db_bio,dpmlm_shap,"{'epsilon': 250, 'k': 3}",,0.750537196295941,0.6401673640167364,0.20664663212750267,0.04602510460251046,0.6477534606411435,0.5188284518828452,0.9632079371641175,0.9624641566035437,0.9624641566035437,0.9632079371641175,2419.0,0.9644481190574618,0.9640870465002411,0.9640870465002411,0.9644481190574618,2419.0,0.11881123083393748,0.2736488421651242,4.445614196256765,mode,mode,0.9793303017775941,0.9794255899444719,0.9794255899444719,0.054981397271599834,0.9731293923108723,0.9722031519983906,0.9722031519983906,0.054981397271599834,0.11107373812988126,6881.67,2419.0,28677.0,107.88,6657.0,177.26870000000002,10753.940740745113
db_bio,dpmlm_shap,"{'epsilon': 250, 'k': 3}",test,0.4571843913820636,0.23430962343096234,,,0.49097138200422213,0.39330543933054396,,,,,,0.9581589958158996,0.9515646437566727,0.9515646437566727,0.9581589958158996,2419.0,,,,,mode,,,,,0.9731293923108723,0.9722031519983906,0.9722031519983906,0.054981397271599834,0.11224327071026338,,,,,,,
db_bio,dpmlm_shap,"{'epsilon': 250, 'k': 5}",,0.7231521890239555,0.6108786610878661,0.15835235665080807,0.0502092050209205,0.5889478311242168,0.4225941422594142,0.9412980570483671,0.9332130510706508,0.9332130510706508,0.9412980570483671,2419.0,0.9590739975196362,0.9579548869163069,0.9579548869163069,0.9590739975196362,2419.0,0.12385130167598811,0.2813425538410772,4.9317507632099655,mode,mode,0.9793303017775941,0.9794255899444719,0.9794255899444719,0.054981397271599834,0.9731293923108723,0.9722031519983906,0.9722031519983906,0.054981397271599834,0.14381797677589833,6881.67,2419.0,28677.0,107.88,6657.0,177.26870000000002,11929.905096204906
db_bio,dpmlm_shap,"{'epsilon': 250, 'k': 5}",test,0.4063914700552159,0.25523012552301255,,,0.4414730308275191,0.33472803347280333,,,,,,0.9414225941422594,0.9271750780084114,0.9271750780084114,0.9414225941422593,2419.0,,,,,mode,,,,,0.9731293923108723,0.9722031519983906,0.9722031519983906,0.054981397271599834,0.14777367194030763,,,,,,,
db_bio,dpmlm_shap,"{'epsilon': 250, 'k': 7}",,0.706430224118885,0.5899581589958159,0.13926198290520206,0.05439330543933055,0.5484417542164662,0.3598326359832636,0.944605208763952,0.9384207114098574,0.9384207114098574,0.944605208763952,2419.0,0.95824720959074,0.9564086413304254,0.9564086413304254,0.95824720959074,2419.0,0.12706064963547736,0.28635749313248837,5.242190331305006,mode,mode,0.9793303017775941,0.9794255899444719,0.9794255899444719,0.054981397271599834,0.9731293923108723,0.9722031519983906,0.9722031519983906,0.054981397271599834,0.16472795967757345,6881.67,2419.0,28677.0,107.88,6657.0,177.26870000000002,12680.858411426809
db_bio,dpmlm_shap,"{'epsilon': 250, 'k': 7}",test,0.39331479777352213,0.26359832635983266,,,0.4025141328845674,0.28870292887029286,,,,,,0.9414225941422594,0.9268560592654795,0.9268560592654795,0.9414225941422593,2419.0,,,,,mode,,,,,0.9731293923108723,0.9722031519983906,0.9722031519983906,0.054981397271599834,0.1730723822858215,,,,,,,
db_bio,dpmlm_shap,"{'epsilon': 250, 'k': 10}",,0.6905370430321893,0.5690376569037657,0.12947414925512177,0.058577405857740586,0.5063417342921783,0.3054393305439331,0.9433650268706076,0.9377553125073096,0.9377553125073096,0.9433650268706076,2419.0,0.954940057875155,0.9527965362967422,0.9527965362967422,0.954940057875155,2419.0,0.13071706160477933,0.29207758527247557,5.605674735999642,mode,mode,0.9793303017775941,0.9794255899444719,0.9794255899444719,0.054981397271599834,0.9731293923108723,0.9722031519983906,0.9722031519983906,0.054981397271599834,0.18921083321663068,6881.67,2419.0,28677.0,107.88,6657.0,177.26870000000002,13560.127186383135
db_bio,dpmlm_shap,"{'epsilon': 250, 'k': 10}",test,0.38689948072259084,0.2719665271966527,,,0.3701913358615939,0.2510460251046025,,,,,,0.9414225941422594,0.9276314101752697,0.9276314101752697,0.9414225941422593,2419.0,,,,,mode,,,,,0.9731293923108723,0.9722031519983906,0.9722031519983906,0.054981397271599834,0.1916172405370502,,,,,,,
db_bio,dpmlm_shap,"{'epsilon': 250, 'rho': 0.9}",,0.7439341984254133,0.6359832635983264,0.34988451563785555,0.2803347280334728,0.5437966885240952,0.4435146443514644,0.9503927242662257,0.9439554975339299,0.9439554975339299,0.9503927242662257,2419.0,0.9665150888797024,0.9662339097378356,0.9662339097378356,0.9665150888797024,2419.0,0.11650083576563519,0.27809649639358297,3.6096263148440793,mode,mode,0.9793303017775941,0.9794255899444719,0.9794255899444719,0.054981397271599834,0.9731293923108723,0.9722031519983906,0.9722031519983906,0.054981397271599834,0.06356099344399463,16615.91,2419.0,13902.0,107.88,6657.0,88.9098,8731.686055607828
db_bio,dpmlm_shap,"{'epsilon': 250, 'rho': 0.9}",test,,,,,,,,,,,,,,,,,,,,,,,,,,,,,,0.06299160760773256,,,,,,,
db_bio,dpmlm_shap,"{'epsilon': 250, 'rho': 0.8}",,0.6727222595162238,0.5523012552301255,0.2655994392201565,0.19246861924686193,0.48090500315998497,0.38493723849372385,0.9483257544439851,0.9417450686434329,0.9417450686434329,0.9483257544439851,2419.0,0.9615543613063249,0.9600111012010938,0.9600111012010938,0.9615543613063249,2419.0,0.12647554772409736,0.2955034821178362,4.434115031970624,mode,mode,0.9793303017775941,0.9794255899444719,0.9794255899444719,0.054981397271599834,0.9731293923108723,0.9722031519983906,0.9722031519983906,0.054981397271599834,0.1280149712121201,16615.91,2419.0,13902.0,107.88,6657.0,88.9098,10726.12426233694
db_bio,dpmlm_shap,"{'epsilon': 250, 'rho': 0.8}",test,,,,,,,,,,,,,,,,,,,,,,,,,,,,,,0.1269014197442531,,,,,,,
db_bio,dpmlm_shap,"{'epsilon': 250, 'rho': 0.7}",,0.6400647111855269,0.5188284518828452,0.2466926669636312,0.17154811715481172,0.4598724921993653,0.3598326359832636,0.9458453906572964,0.9368163320690112,0.9368163320690112,0.9458453906572964,2419.0,0.954940057875155,0.9529424444179703,0.9529424444179703,0.954940057875155,2419.0,0.13451706830900334,0.3067613684500284,5.219246761966522,mode,mode,0.9793303017775941,0.9794255899444719,0.9794255899444719,0.054981397271599834,0.9731293923108723,0.9722031519983906,0.9722031519983906,0.054981397271599834,0.18939223692725363,16615.91,2419.0,13902.0,107.88,6657.0,88.9098,12625.357917197016
db_bio,dpmlm_shap,"{'epsilon': 250, 'rho': 0.7}",test,,,,,,,,,,,,,,,,,,,,,,,,,,,,,,0.18686874675063123,,,,,,,
db_bio,dpmlm_shap,"{'epsilon': 250, 'rho': 0.6}",,0.602328894135805,0.4811715481171548,0.20537949171294623,0.1297071129707113,0.44642398982137904,0.3514644351464435,0.9392310872261265,0.9305960113054352,0.9305960113054352,0.9392310872261265,2419.0,0.9512195121951219,0.9491826347056133,0.9491826347056133,0.9512195121951219,2419.0,0.14193176525887896,0.3155506164168168,5.979956739453,mode,mode,0.9793303017775941,0.9794255899444719,0.9794255899444719,0.054981397271599834,0.9731293923108723,0.9722031519983906,0.9722031519983906,0.054981397271599834,0.24886034480844282,16615.91,2419.0,13902.0,107.88,6657.0,88.9098,14465.515352736806
db_bio,dpmlm_shap,"{'epsilon': 250, 'rho': 0.6}",test,,,,,,,,,,,,,,,,,,,,,,,,,,,,,,0.2457279179365348,,,,,,,
db_bio,dpmlm_shap,"{'epsilon': 250, 'rho': 0.5}",,0.5731933277073714,0.45188284518828453,0.17937790396578618,0.1087866108786611,0.40994991017939186,0.3054393305439331,0.9210417527904092,0.9020722661989486,0.9020722661989486,0.9210417527904092,2419.0,0.9483257544439851,0.9460111255705304,0.9460111255705304,0.9483257544439851,2419.0,0.14911139999455092,0.3243575484213527,6.729595240820867,mode,mode,0.9793303017775941,0.9794255899444719,0.9794255899444719,0.054981397271599834,0.9731293923108723,0.9722031519983906,0.9722031519983906,0.054981397271599834,0.3074629457872499,16615.91,2419.0,13902.0,107.88,6657.0,88.9098,16278.890887545678
db_bio,dpmlm_shap,"{'epsilon': 250, 'rho': 0.5}",test,,,,,,,,,,,,,,,,,,,,,,,,,,,,,,0.30377852657121557,,,,,,,
db_bio,dpmlm_shap,"{'epsilon': 250, 'rho': 0.4}",,0.5491066326583537,0.4393305439330544,0.15827209371396028,0.08786610878661087,0.3992876284853698,0.3054393305439331,0.9235221165770979,0.9060256009506915,0.9060256009506915,0.9235221165770979,2419.0,0.9421248449772633,0.9399385756043772,0.9399385756043772,0.9421248449772633,2419.0,0.1561256682838276,0.3318388085071584,7.468766730053722,mode,mode,0.9793303017775941,0.9794255899444719,0.9794255899444719,0.054981397271599834,0.9731293923108723,0.9722031519983906,0.9722031519983906,0.054981397271599834,0.3652472935220344,16615.91,2419.0,13902.0,107.88,6657.0,88.9098,18066.946719999953
db_bio,dpmlm_shap,"{'epsilon': 250, 'rho': 0.4}",test,,,,,,,,,,,,,,,,,,,,,,,,,,,,,,0.3629757129236648,,,,,,,
db_bio,dpmlm_shap,"{'epsilon': 250, 'rho': 0.3}",,0.5159712417496922,0.401673640167364,0.15463370595455653,0.09205020920502092,0.3750701273606008,0.27615062761506276,0.9115336916081025,0.8805398632191473,0.8805398632191473,0.9115336916081025,2419.0,0.9363373294749897,0.9330756822599667,0.9330756822599667,0.9363373294749897,2419.0,0.16300183751455957,0.33981162758098254,8.200731303255006,mode,mode,0.9793303017775941,0.9794255899444719,0.9794255899444719,0.054981397271599834,0.9731293923108723,0.9722031519983906,0.9722031519983906,0.054981397271599834,0.4224682443345486,16615.91,2419.0,13902.0,107.88,6657.0,88.9098,19837.569022573858
db_bio,dpmlm_shap,"{'epsilon': 250, 'rho': 0.3}",test,,,,,,,,,,,,,,,,,,,,,,,,,,,,,,0.41911327219380456,,,,,,,
db_bio,dpmlm_shap,"{'epsilon': 250, 'rho': 0.2}",,0.4983161337178441,0.39330543933054396,0.1460541520981561,0.08786610878661087,0.36209115505329126,0.2594142259414226,0.90988011575031,0.869602857461389,0.869602857461389,0.90988011575031,2419.0,0.9309632079371641,0.9255002669816568,0.9255002669816568,0.9309632079371641,2419.0,0.1699576475690248,0.3475929801254146,8.930238002221113,mode,mode,0.9793303017775941,0.9794255899444719,0.9794255899444719,0.054981397271599834,0.9731293923108723,0.9722031519983906,0.9722031519983906,0.054981397271599834,0.47949705210371957,16615.91,2419.0,13902.0,107.88,6657.0,88.9098,21602.245727372872
db_bio,dpmlm_shap,"{'epsilon': 250, 'rho': 0.2}",test,,,,,,,,,,,,,,,,,,,,,,,,,,,,,,0.4764842805670527,,,,,,,
db_bio,dpmlm_shap,"{'epsilon': 250, 'rho': 0.1}",,0.47010154823707717,0.35564853556485354,0.1213342591403447,0.06694560669456066,0.320105746650221,0.20502092050209206,0.902852418354692,0.8559117295508152,0.8559117295508152,0.902852418354692,2419.0,0.9251756924348904,0.9189919103983358,0.9189919103983358,0.9251756924348904,2419.0,0.17716076071965098,0.3558546757959245,9.665477470028938,mode,mode,0.9793303017775941,0.9794255899444719,0.9794255899444719,0.054981397271599834,0.9731293923108723,0.9722031519983906,0.9722031519983906,0.054981397271599834,0.5369740161032894,16615.91,2419.0,13902.0,107.88,6657.0,88.9098,23380.79
db_bio,dpmlm_shap,"{'epsilon': 250, 'rho': 0.1}",test,,,,,,,,,,,,,,,,,,,,,,,,,,,,,,0.5340329442229452,,,,,,,
db_bio,petre_shap,{'k': 2},,0.767141390916262,0.6610878661087866,0.24989251497715453,0.0,0.6732668593762995,0.5732217573221757,0.9586606035551881,0.9572120845421845,0.9572120845421845,0.9586606035551881,2419.0,0.9508061182306738,0.951071517936596,0.951071517936596,0.9508061182306738,2419.0,0.12690232836446175,0.3741613882149132,3.4307852329213433,mode,mode,0.9793303017775941,0.9794255899444719,0.9794255899444719,0.054981397271599834,0.9731293923108723,0.9722031519983906,0.9722031519983906,0.054981397271599834,0.28972577544343475,2416.23,2419.0,28677.0,107.88,6657.0,177.26870000000002,8299.06947843673
db_bio,petre_shap,{'k': 2},test,0.41104055552311625,0.008368200836820083,,,0.4932897766166157,0.401673640167364,,,,,,0.895397489539749,0.9005436104772321,0.9005436104772321,0.895397489539749,2419.0,,,,,mode,,,,,0.9731293923108723,0.9722031519983906,0.9722031519983906,0.054981397271599834,0.33909110385982033,,,,,,,
db_bio,petre_shap,{'k': 3},,0.7388581696964629,0.6276150627615062,0.1681938157701314,0.0,0.6313835915516091,0.497907949790795,0.9520463001240181,0.9501836496822813,0.9501836496822813,0.9520463001240181,2419.0,0.9421248449772633,0.9427441677101281,0.9427441677101281,0.9421248449772633,2419.0,0.1347030008465064,0.40723918005487214,3.552475102782801,mode,mode,0.9793303017775941,0.9794255899444719,0.9794255899444719,0.054981397271599834,0.9731293923108723,0.9722031519983906,0.9722031519983906,0.054981397271599834,0.34531600007156205,2416.23,2419.0,28677.0,107.88,6657.0,177.26870000000002,8593.437273631596
db_bio,petre_shap,{'k': 3},test,0.2686553451074862,0.0,,,0.44180270375860003,0.35564853556485354,,,,,,0.8619246861924686,0.8632444730875148,0.8632444730875148,0.8619246861924688,2419.0,,,,,mode,,,,,0.9731293923108723,0.9722031519983906,0.9722031519983906,0.054981397271599834,0.3830507540119338,,,,,,,
db_bio,petre_shap,{'k': 5},,0.7214066687999803,0.6150627615062761,0.10085357171429962,0.0,0.5613615061397895,0.39330543933054396,0.9458453906572964,0.9439609763335847,0.9439609763335847,0.9458453906572964,2419.0,0.9330301777594047,0.9334562555844146,0.9334562555844146,0.9330301777594047,2419.0,0.14430478388931003,0.4468309966891191,3.6442000122389215,mode,mode,0.9793303017775941,0.9794255899444719,0.9794255899444719,0.054981397271599834,0.9731293923108723,0.9722031519983906,0.9722031519983906,0.054981397271599834,0.3872176663849986,2416.23,2419.0,28677.0,107.88,6657.0,177.26870000000002,8815.31982960595
db_bio,petre_shap,{'k': 5},test,0.15495596624592242,0.0,,,0.3349589481369617,0.2594142259414226,,,,,,0.803347280334728,0.8108208905284081,0.8108208905284081,0.803347280334728,2419.0,,,,,mode,,,,,0.9731293923108723,0.9722031519983906,0.9722031519983906,0.054981397271599834,0.42668468973515256,,,,,,,
db_bio,petre_shap,{'k': 7},,0.6895553865988807,0.5732217573221757,0.0766581294414785,0.0,0.5193230703775044,0.3389121338912134,0.9284828441504754,0.9173468409108935,0.9173468409108935,0.9284828441504754,2419.0,0.9206283588259612,0.9210940955153605,0.9210940955153605,0.9206283588259612,2419.0,0.15123451157708265,0.4718337973538184,3.682143699636741,mode,mode,0.9793303017775941,0.9794255899444719,0.9794255899444719,0.054981397271599834,0.9731293923108723,0.9722031519983906,0.9722031519983906,0.054981397271599834,0.40455105747224074,2416.23,2419.0,28677.0,107.88,6657.0,177.26870000000002,8907.105609421276
db_bio,petre_shap,{'k': 7},test,0.11420528133104514,0.0041841004184100415,,,0.2932101242692267,0.2175732217573222,,,,,,0.7615062761506276,0.7761336640412727,0.7761336640412727,0.7615062761506276,2419.0,,,,,mode,,,,,0.9731293923108723,0.9722031519983906,0.9722031519983906,0.054981397271599834,0.4299999973520731,,,,,,,
db_bio,petre_shap,{'k': 10},,0.6772121181726021,0.5564853556485355,0.05429824079414887,0.0,0.4392252376425425,0.2301255230125523,0.9148408433236874,0.8944881947163013,0.8944881947163013,0.9148408433236874,2419.0,0.9148408433236874,0.9163704783133033,0.9163704783133033,0.9148408433236874,2419.0,0.15800419083899236,0.4962172195894406,3.7360257174279776,mode,mode,0.9793303017775941,0.9794255899444719,0.9794255899444719,0.054981397271599834,0.9731293923108723,0.9722031519983906,0.9722031519983906,0.054981397271599834,0.42916537808776695,2416.23,2419.0,28677.0,107.88,6657.0,177.26870000000002,9037.446210458278
db_bio,petre_shap,{'k': 10},test,0.08202708913604084,0.0041841004184100415,,,0.23249625328404996,0.16317991631799164,,,,,,0.7196652719665272,0.728254803534535,0.728254803534535,0.7196652719665272,2419.0,,,,,mode,,,,,0.9731293923108723,0.9722031519983906,0.9722031519983906,0.054981397271599834,0.4562957315500588,,,,,,,
db_bio,risk_shap,{'rho': 0.9},,0.7943311548798792,0.7071129707112971,0.38274853756127153,0.3054393305439331,0.6007257547035377,0.502092050209205,0.9656883009508062,0.9629329804630947,0.9629329804630947,0.9656883009508062,2419.0,0.9611409673418768,0.9598643552581704,0.9598643552581704,0.9611409673418768,2419.0,0.12577706358559912,0.488122437729871,2.8075113683340223,mode,mode,0.9793303017775941,0.9794255899444719,0.9794255899444719,0.054981397271599834,0.9731293923108723,0.9722031519983906,0.9722031519983906,0.054981397271599834,0.05408373806188888,26.49,2419.0,13902.0,107.88,6657.0,88.9098,6791.37
db_bio,risk_shap,{'rho': 0.8},,0.749338943907053,0.6527196652719666,0.29306001911964874,0.2175732217573222,0.523987048743147,0.42677824267782427,0.9524596940884663,0.9444936280399624,0.9444936280399624,0.9524596940884663,2419.0,0.9524596940884663,0.950965922402106,0.950965922402106,0.9524596940884663,2419.0,0.14889605292213412,0.5909041429108679,2.8075113683340223,mode,mode,0.9793303017775941,0.9794255899444719,0.9794255899444719,0.054981397271599834,0.9731293923108723,0.9722031519983906,0.9722031519983906,0.054981397271599834,0.11188714438851102,26.49,2419.0,13902.0,107.88,6657.0,88.9098,6791.37
db_bio,risk_shap,{'rho': 0.7},,0.7163879899095729,0.6150627615062761,0.25232745002566087,0.1799163179916318,0.49436013442738336,0.39330543933054396,0.9470855725506407,0.9411480913765008,0.9411480913765008,0.9470855725506407,2419.0,0.9483257544439851,0.9465506632213808,0.9465506632213808,0.9483257544439851,2419.0,0.16950632972429489,0.6379818519428773,2.8075113683340223,mode,mode,0.9793303017775941,0.9794255899444719,0.9794255899444719,0.054981397271599834,0.9731293923108723,0.9722031519983906,0.9722031519983906,0.054981397271599834,0.17028687154045843,26.49,2419.0,13902.0,107.88,6657.0,88.9098,6791.37
db_bio,risk_shap,{'rho': 0.6},,0.6600943118940967,0.5397489539748954,0.22053651999385712,0.14644351464435146,0.45784902549432366,0.36401673640167365,0.9499793303017776,0.9476430131887414,0.9476430131887414,0.9499793303017776,2419.0,0.937577511368334,0.9370910749758589,0.9370910749758589,0.937577511368334,2419.0,0.1884111210845531,0.6681852487715538,2.8075113683340223,mode,mode,0.9793303017775941,0.9794255899444719,0.9794255899444719,0.054981397271599834,0.9731293923108723,0.9722031519983906,0.9722031519983906,0.054981397271599834,0.22870101040632193,26.49,2419.0,13902.0,107.88,6657.0,88.9098,6791.37
db_bio,risk_shap,{'rho': 0.5},,0.605096921098916,0.4769874476987448,0.1880967898665895,0.12552301255230125,0.40590087083386284,0.3054393305439331,0.9317899958660604,0.926772970804573,0.926772970804573,0.9317899958660604,2419.0,0.9181479950392725,0.9191796961913532,0.9191796961913532,0.9181479950392725,2419.0,0.20608417580767377,0.6914914862328617,2.8075113683340223,mode,mode,0.9793303017775941,0.9794255899444719,0.9794255899444719,0.054981397271599834,0.9731293923108723,0.9722031519983906,0.9722031519983906,0.054981397271599834,0.2878762171912201,26.49,2419.0,13902.0,107.88,6657.0,88.9098,6791.37
db_bio,risk_shap,{'rho': 0.4},,0.534454932104728,0.40585774058577406,0.1575513201608984,0.100418410041841,0.36598907411590736,0.2719665271966527,0.9185613890037205,0.9115296267060323,0.9115296267060323,0.9185613890037205,2419.0,0.8970649028524184,0.8984666735888055,0.8984666735888055,0.8970649028524184,2419.0,0.22233815962443326,0.7135574103723065,2.8075113683340223,mode,mode,0.9793303017775941,0.9794255899444719,0.9794255899444719,0.054981397271599834,0.9731293923108723,0.9722031519983906,0.9722031519983906,0.054981397271599834,0.3478928445430453,26.49,2419.0,13902.0,107.88,6657.0,88.9098,6791.37
db_bio,risk_shap,{'rho': 0.3},,0.4407516286188864,0.30962343096234307,0.14147082095128827,0.100418410041841,0.3169656630025823,0.22594142259414227,0.8850764778834229,0.868093374409586,0.868093374409586,0.8850764778834229,2419.0,0.8491112029764365,0.8515710051853095,0.8515710051853095,0.8491112029764365,2419.0,0.23765358440932186,0.7333283278065664,2.8075113683340223,mode,mode,0.9793303017775941,0.9794255899444719,0.9794255899444719,0.054981397271599834,0.9731293923108723,0.9722031519983906,0.9722031519983906,0.054981397271599834,0.40803925807483565,26.49,2419.0,13902.0,107.88,6657.0,88.9098,6791.37
db_bio,risk_shap,{'rho': 0.2},,0.3400221519316339,0.20502092050209206,0.09097485633049357,0.03347280334728033,0.26821153570796835,0.18828451882845187,0.8371227780074411,0.8141761805543478,0.8141761805543478,0.8371227780074411,2419.0,0.7833815626291856,0.7895423625812908,0.7895423625812908,0.7833815626291856,2419.0,0.25192721748016944,0.7520113385289386,2.8075113683340223,mode,mode,0.9793303017775941,0.9794255899444719,0.9794255899444719,0.054981397271599834,0.9731293923108723,0.9722031519983906,0.9722031519983906,0.054981397271599834,0.46951594316145956,26.49,2419.0,13902.0,107.88,6657.0,88.9098,6791.37
db_bio,risk_shap,{'rho': 0.1},,0.23741844968419726,0.14644351464435146,0.06666620850469455,0.04184100418410042,0.1845474037412465,0.11297071129707113,0.7771806531624639,0.7553941747106397,0.7553941747106397,0.7771806531624639,2419.0,0.6717651922281934,0.6790535276920583,0.6790535276920583,0.6717651922281934,2419.0,0.2657312982680631,0.768593417368552,2.8075113683340223,mode,mode,0.9793303017775941,0.9794255899444719,0.9794255899444719,0.054981397271599834,0.9731293923108723,0.9722031519983906,0.9722031519983906,0.054981397271599834,0.533639587221716,26.49,2419.0,13902.0,107.88,6657.0,88.9098,6791.37
